true_diff,f_ship,f_ship_matched,b_ship,obs_diff,p
0.004339545952405956,True,True,True,0.02800000000000001,0.0035795374240010012
-0.010480071966003672,False,False,False,-0.005500000000000005,0.5478197992443685
-0.006976056598661256,False,False,False,0.013499999999999998,0.16856331291418225
0.004763988355695696,False,False,False,0.007500000000000007,0.4234517219738112
-0.014318481027051275,False,False,False,-0.016,0.07632361328524782
0.018713406461909846,True,True,True,0.032500000000000015,0.0014880789176141046
0.007906825786135732,False,False,False,0.013999999999999999,0.14783294719613146
0.010563244297012829,True,True,True,0.0305,0.0013537772188938852
-0.011040346856722656,False,False,False,-0.004500000000000004,0.6237377368853438
0.026588461817317954,True,True,True,0.024999999999999994,0.011514937910587485
-0.006046994446399035,False,False,False,-0.007000000000000006,0.44921481515936523
0.0010818029112780246,True,True,True,0.023500000000000007,0.015022010915560312
0.014334892447639696,True,True,True,0.024999999999999994,0.010067662297838977
0.020361509776746868,False,False,False,0.012999999999999998,0.17991202422094577
-0.001667464370783448,False,False,False,-0.02500000000000001,0.008263470665591965
0.0016421788517945314,True,True,True,0.024000000000000007,0.010868755460537293
0.004517931731176544,False,False,False,0.005500000000000005,0.5544642894863744
0.0025082247493380563,False,False,False,0.011499999999999996,0.20551395583804766
-0.009723899510149733,False,False,False,-0.027499999999999997,0.0034085577921480884
0.010601407699413574,False,False,False,0.006000000000000005,0.5359591416925424
-0.006965780110470485,False,False,False,-0.01200000000000001,0.19348826137195718
-0.012005199570634117,False,False,False,-0.023500000000000007,0.00828549537602382
-0.005557934100599479,False,False,False,-0.010000000000000009,0.27738997312603764
0.005426457428478245,False,False,False,0.0155,0.1117010898724729
-0.011481129380441189,False,False,False,-0.02049999999999999,0.027223721370041382
-0.015753131951551903,False,False,False,-0.027499999999999997,0.0026544855646994017
0.010033731165427091,False,False,False,0.01150000000000001,0.24371143689530572
-0.004029133132945398,False,False,False,0.005500000000000005,0.5572073062521403
-0.005707990165728887,True,True,True,0.021500000000000005,0.022361331329473474
0.01874588284085973,True,True,True,0.0325,0.0011311180759916997
-0.00866794943397124,False,False,False,0.0015000000000000013,0.8704192674821662
-0.0014811575728247142,False,False,False,0.011999999999999997,0.2028601020427463
-0.0011223856338222484,False,False,False,-0.009999999999999995,0.2907652792814215
-0.0028647445498072243,False,False,False,-0.008999999999999994,0.3470217099769748
0.02523461355791561,True,True,True,0.04250000000000001,2.9476577039201293e-05
-0.0044516619026424556,False,False,False,0.008499999999999994,0.3420957783249361
0.012454243930077507,False,False,False,0.006500000000000006,0.5065124896923863
0.0006297767336020213,False,False,False,-0.0155,0.10114618686629806
-0.010960928543236121,False,False,False,-0.0025000000000000022,0.789611030335088
0.010700700077421996,False,False,False,0.0175,0.07074235429018207
-0.009207611926956476,False,False,False,-0.0040000000000000036,0.6639395578739327
0.010678086301250483,False,False,False,0.0155,0.1094657832763538
-0.015044872473196517,False,False,False,-0.024999999999999994,0.006232558710942043
-0.009622556349062927,False,False,False,-0.02149999999999999,0.01851140736073873
-0.014269906357442259,False,False,False,-0.02149999999999999,0.0199660563891729
-0.004018710048681016,False,False,False,0.0,1.0
-0.010051799855428423,False,False,False,-0.023000000000000007,0.01465598596127305
-0.0002028816148723555,False,False,False,0.0015000000000000013,0.8730987108115029
0.005594359643956929,False,False,False,0.009999999999999995,0.30023600772340175
0.005812837750783866,False,False,False,0.013499999999999998,0.16418198241401172
-0.004783250084803971,False,False,False,0.005500000000000005,0.5418346828870801
0.00025187112257664634,False,False,False,-0.0050000000000000044,0.5965228624813622
-0.004334997120586193,False,False,False,0.001999999999999988,0.8344687286657886
0.007163406340621119,False,False,False,0.0059999999999999915,0.530710852081454
-0.005046233097158934,False,False,False,-0.011499999999999996,0.20663533293204117
-0.01591467615483224,False,False,False,-0.025499999999999995,0.005215579188181436
-0.00715364994674245,False,False,False,0.00399999999999999,0.6759854986370091
-0.004372190864037569,False,False,False,0.010999999999999996,0.2514360831063249
0.00252684899584432,False,False,False,-0.0025000000000000022,0.7958611395705393
-0.004422960534815472,False,False,False,-0.013999999999999999,0.15292152685517874
-0.014517688276086188,False,False,False,-0.013000000000000012,0.15693306341279112
-0.002274240709486836,False,False,False,-0.006499999999999992,0.4927616916888786
-6.583123779710955e-05,False,False,False,-0.004500000000000004,0.6318168582310262
0.0005566130209973915,False,False,False,0.016,0.09169028154942915
-0.004204964016076626,False,False,False,-0.01200000000000001,0.19560276996533477
-0.009761265699738762,False,False,False,-0.019000000000000003,0.04711659170420264
-0.00022583509189939727,False,False,False,0.013499999999999998,0.15882230356066973
-0.006962717147898003,False,False,False,-0.008500000000000008,0.38404945008117475
-0.006309231094273743,False,False,False,-0.0020000000000000018,0.8315433163374761
0.003990794483695089,False,False,False,0.0050000000000000044,0.591458995148737
0.003110526109256691,False,False,False,0.010000000000000009,0.31023744751507176
0.004112044874861177,False,False,False,-0.009499999999999995,0.32760336115858524
0.015186304204710411,False,False,False,0.01849999999999999,0.0612617031224681
-0.0006700462324210012,False,False,False,0.0040000000000000036,0.6661820572849129
-0.005146031309452946,False,False,False,-0.007500000000000007,0.41583046954505365
0.0017853617688177814,False,False,False,-0.0040000000000000036,0.6646929875616998
-0.012747869963498913,False,False,False,-0.026499999999999996,0.0039529544579645125
0.015946868229804612,True,True,True,0.03549999999999999,0.00022484446141125697
-0.0017772801345532602,False,False,False,-0.0034999999999999892,0.7124830909298443
-0.006270872984578269,False,False,False,0.007499999999999993,0.4054800578159943
0.001282740176572289,False,False,False,-0.0015000000000000013,0.8730987108115029
0.013192070755144896,False,False,False,0.01849999999999999,0.060744139367950194
0.014227097606712513,False,False,False,0.008499999999999994,0.3739465956148361
0.002058067695448531,False,False,False,-0.0005000000000000004,0.958558645766128
0.004645518386301231,False,False,False,0.0025000000000000022,0.7954365489244298
-0.007480825907573724,False,False,False,0.0,1.0
0.0003473450221865741,False,False,False,0.010499999999999995,0.2667799465565258
0.008680204295916304,False,False,False,-0.006499999999999992,0.49467649952114123
-0.003676018571406395,False,False,False,-0.009500000000000008,0.30839801813191514
-0.0033984417245836052,False,False,False,0.005500000000000005,0.5418346828870801
-0.011484093066252268,False,False,False,-0.012499999999999997,0.15802103109998444
0.0058545623014798044,False,False,False,0.017,0.07058435065995254
0.0025545737650905305,False,False,False,-0.0049999999999999906,0.6005749777873493
0.017461721267526084,True,True,True,0.025499999999999995,0.010787045558107057
-0.0011086306263646544,False,False,False,-0.0020000000000000018,0.8372197614397567
0.007153991688782013,False,False,False,0.006999999999999992,0.46836051062814843
-0.006425065571468875,False,False,False,-0.0010000000000000009,0.9151030309626705
-0.0011920280335234905,False,False,False,-0.018000000000000002,0.06555877316391857
0.006327580274090226,True,True,True,0.022000000000000006,0.019286378265833095
-0.01231777837378332,False,False,False,-0.019500000000000003,0.02971271907898135
-0.0002020578438966869,False,False,False,-0.0020000000000000018,0.8315433163374761
-0.007911186116295675,False,False,False,-0.013499999999999998,0.15242743526049793
0.0020767769157133804,False,False,False,-0.0030000000000000027,0.7621956619721725
-0.004940529385540778,False,False,False,-0.025499999999999995,0.0062549535728979
-0.01799994540069662,False,False,False,-0.0315,0.0009595509797126489
-0.0022678959626616204,False,False,False,-0.009000000000000008,0.32943790851708243
0.002602087146255469,False,False,False,-0.0015000000000000013,0.8789013741559228
-0.0011312203924549334,False,False,False,0.006000000000000005,0.5376615246734648
-0.010307477289199634,False,False,False,-0.015,0.09490048451931178
0.002419724284347497,False,False,False,-0.0010000000000000009,0.9151030309626705
-0.007109518798131173,False,False,False,-0.0034999999999999892,0.7130895761653324
-0.003735231327564272,False,False,False,-0.008500000000000008,0.36431503633978124
-0.0027082980738141814,False,False,False,-0.006500000000000006,0.47964159991810484
-0.016183778416511863,False,False,False,-0.0175,0.06895960313125808
0.002511532436235898,False,False,False,0.0005000000000000004,0.9565315039529474
0.010425160387492877,True,True,True,0.033,0.0010949068212580222
0.015444125897219114,True,True,True,0.035500000000000004,0.00032884042401651916
0.00041989208793216084,False,False,False,-0.007499999999999993,0.43274413994041117
0.0005560403830919381,False,False,False,-0.008000000000000007,0.41691837502027396
-0.005162952507353475,False,False,False,-0.007500000000000007,0.4234517219738112
0.01048352021455259,False,False,False,0.004500000000000004,0.6508682106299737
-0.004902030840860976,False,False,False,-0.0015000000000000013,0.8719322059847437
-0.00769955263404297,False,False,False,0.00399999999999999,0.6746477900513189
-0.008825358364794643,False,False,False,-0.006500000000000006,0.4785810806801365
0.0035439606672544055,False,False,False,-0.0050000000000000044,0.5923188238261367
-0.01780378583959319,False,False,False,-0.0025000000000000022,0.7886609874389294
-0.014192780182630016,False,False,False,-0.0175,0.055828860147275366
0.013496076894167507,True,True,True,0.022499999999999992,0.020947685831066962
0.006718112278744584,True,True,True,0.024499999999999994,0.012644722028082537
-0.0015534743586452624,False,False,False,-0.023500000000000007,0.015236241399948749
0.011434529149935077,False,False,False,0.012499999999999997,0.1939232571262478
0.014605396867119026,False,False,False,0.0,1.0
0.005522234103537318,False,False,False,0.007499999999999993,0.42764942886310087
0.007755479906276488,True,True,False,0.020000000000000004,0.03745887534151015
-0.01639518931768649,False,False,False,-0.022999999999999993,0.01206127824895323
-0.009550705562769579,False,False,False,-0.0335,0.00021026196503966862
-0.004610694100577859,False,False,False,0.0040000000000000036,0.67191158851717
0.008529120581701924,False,False,False,-0.00399999999999999,0.6773035688840914
-0.004024898572662817,False,False,False,-0.0020000000000000018,0.8300096564226612
0.0012252433595387228,False,False,False,0.0010000000000000009,0.9162362051617894
0.005502750767690491,False,False,False,0.0059999999999999915,0.5270892568655385
0.006334497521709772,False,False,False,0.009999999999999995,0.2655379833753885
0.0012873013218039956,False,False,False,0.0049999999999999906,0.6029368547399571
0.003629503356094652,False,False,False,0.012500000000000011,0.2032821828791016
-0.010163982091441986,False,False,False,-0.008499999999999994,0.34456537655137776
0.0027218324807353734,False,False,False,-0.0025000000000000022,0.7881802196993312
0.002465958026654714,False,False,False,0.007500000000000007,0.44799762205856253
0.00027270187218120706,True,True,False,0.019500000000000003,0.04049446254291107
-0.0029768303367361756,False,False,False,0.0049999999999999906,0.5973451601668252
-0.006993572400919734,False,False,False,0.003500000000000003,0.7034798810499949
0.0029335677281418656,False,False,False,0.009499999999999995,0.32453635179077
0.011448507820448577,False,False,False,0.009500000000000008,0.30839801813191514
-0.0028871978789085447,False,False,False,-0.013999999999999999,0.140016503197169
0.00945503823449618,False,False,False,-0.0010000000000000009,0.918349686822075
0.01144625737822799,False,False,False,-0.001999999999999988,0.8348217992638057
0.017476021776297725,True,True,True,0.032,0.0011392173589094637
-0.011160143622788672,False,False,False,-0.024000000000000007,0.012529391265920528
0.006065224616949578,False,False,False,0.008999999999999994,0.35116359490471205
-0.0006927490229989116,False,False,False,0.0015000000000000013,0.8728106137224831
0.004455077871367342,False,False,False,0.018500000000000003,0.05608272789115128
-0.0033933943496569008,False,False,False,-0.014499999999999999,0.10509410776468195
0.01525184902503014,False,False,False,0.009500000000000008,0.3365054807492063
0.013132777191845671,False,False,False,0.013500000000000012,0.14206794731333447
-0.006431331450552114,False,False,False,-0.01899999999999999,0.04045032850910884
0.0034016014685963243,False,False,False,-0.008499999999999994,0.3718519794830992
0.0005128001781566743,False,False,False,0.0,1.0
0.0033573780197759568,False,False,False,0.011999999999999997,0.21285089414780656
-0.011406138972077626,False,False,False,-0.0165,0.08503976216570433
0.0036357639268403182,False,False,False,0.00449999999999999,0.6393073002556661
-0.010209121637092889,False,False,False,0.0030000000000000027,0.7496628604927678
-0.0155599518235756,False,False,False,-0.0165,0.08571500331811016
-0.0005925749204479603,False,False,False,-0.008999999999999994,0.33733849441669117
-0.014530491429241541,False,False,False,-0.020000000000000004,0.025961050967886555
0.005304238029357413,False,False,False,0.019000000000000003,0.05048194894268911
-0.013467478964376922,False,False,False,-0.0155,0.09030088215443878
0.002878029171314542,False,False,False,0.0,1.0
-0.011370020213865862,False,False,False,-0.006500000000000006,0.4709356736486643
0.007788087425123951,False,False,False,-0.0024999999999999883,0.7937057917990024
0.00938605056941617,False,False,False,0.010499999999999995,0.27620609806793306
-0.00027794776674351873,False,False,False,-0.0015000000000000013,0.8779168847411185
-0.00526124492912609,False,False,False,-0.007499999999999993,0.43274413994041117
0.007121305527490804,False,False,False,0.0175,0.08192578487473591
-0.010006050630930565,False,False,False,-0.0015000000000000013,0.8633020377600807
-0.011259029848280803,False,False,False,-0.027499999999999997,0.002916766896144287
0.006025429698219881,False,False,False,0.0005000000000000004,0.9593303945469106
0.003917061059930161,True,True,False,0.02099999999999999,0.03451445999042674
-0.007637455065511183,False,False,False,0.0010000000000000009,0.9135037993236381
-0.0017496859728905613,False,False,False,-0.0165,0.07824112441987352
0.020618687734278374,True,True,True,0.028999999999999998,0.0035076622297369408
0.0012741470383317438,False,False,False,0.007999999999999993,0.39907519654823753
0.006288961632426453,True,True,True,0.032,0.0008270483203220476
-0.0190313824367536,False,False,False,-0.026499999999999996,0.0019206226464309791
-0.00614847433434572,False,False,False,-0.0165,0.09307841837078343
0.00028991750207766557,True,True,True,0.027499999999999997,0.004859663508320189
0.006652386995131906,False,False,False,0.003500000000000003,0.7205767563500022
0.00997718869902661,False,False,False,0.0034999999999999892,0.7130895761653324
-0.023677809441559724,False,False,False,-0.02099999999999999,0.0146517369859528
0.004313812130408778,False,False,False,0.008999999999999994,0.33953526508870124
-0.009480472163961832,False,False,False,-0.02550000000000001,0.007125345777856461
0.0030388271489346355,False,False,False,-0.01200000000000001,0.22427972329299273
0.014405435896888455,True,True,True,0.0295,0.0026242062383555163
0.005220863343525832,False,False,False,-0.017,0.07441462858187929
-0.005863383392663244,False,False,False,-0.010999999999999996,0.2430792356489797
-0.0003807218331987011,False,False,False,0.00449999999999999,0.6356313780137054
0.015375042735728345,False,False,False,0.012499999999999997,0.20871703948537101
-0.0022512276321430655,False,False,False,-0.0155,0.09653107236760534
-0.01395059645006364,False,False,False,-0.023999999999999994,0.009304520674352694
-0.0026159118338040456,False,False,False,0.013499999999999998,0.14587894872233984
0.00663358200311269,False,False,False,0.011499999999999996,0.22901234732772624
-0.005549669884862328,False,False,False,0.0030000000000000027,0.7457029069936068
-0.0011347413336353664,False,False,False,0.0,1.0
-0.0018841543990975105,False,False,False,-0.013499999999999998,0.16682001380673395
0.00544259762115644,False,False,False,0.0020000000000000018,0.8319191241999686
-0.0014699175511707556,False,False,False,-0.0040000000000000036,0.6705121215292993
0.007283531171945887,False,False,False,0.016,0.09456573537781172
-0.0017455999406428113,False,False,False,-0.012999999999999998,0.16287123473726894
-0.008649268961360281,False,False,False,-0.023499999999999993,0.011166985457142458
0.014379410230255936,False,False,False,0.003500000000000003,0.7232738025640247
0.006306131661156232,False,False,False,-0.0155,0.11976711344356299
-0.01118924956073421,False,False,False,-0.006999999999999992,0.43575715800891457
-0.014251257288770176,False,False,False,-0.008999999999999994,0.3061860634082345
0.01614753947621605,False,False,False,0.016,0.09241091525057246
0.005720885234645264,False,False,False,-0.007499999999999993,0.4286816946906207
0.016380783629767783,False,False,False,0.008000000000000007,0.41503141172422175
0.007805430054919799,False,False,False,0.0020000000000000018,0.836884858133267
-0.0036243664885286147,False,False,False,-0.0015000000000000013,0.8661710893995127
-0.015215714691421923,False,False,False,-0.010999999999999996,0.2544862671355138
-0.002203554394597754,False,False,False,-0.012499999999999997,0.1645363987098496
0.006391529028985582,False,False,False,0.009499999999999995,0.32861439263911907
-0.004215690081789177,False,False,False,-0.00449999999999999,0.6385828234588462
-0.02273546496699144,False,False,False,-0.023500000000000007,0.008454620832662662
-0.007023790900396143,False,False,False,0.006000000000000005,0.519531631722757
-0.0044894330675631965,False,False,False,-0.006500000000000006,0.48685562261297777
-0.011536954777158026,False,False,False,-0.013999999999999999,0.11240416896909011
-0.014630302034928683,False,False,False,-0.0155,0.0792204842841675
-0.001703061627714486,False,False,False,-0.0040000000000000036,0.67191158851717
-0.003435506961992881,False,False,False,-0.0005000000000000004,0.9572459212969779
-0.004047998552024133,False,False,False,0.012500000000000011,0.1740252788423866
-0.011560381887699518,False,False,False,-0.011999999999999997,0.20989925255295494
-0.006090866534617833,False,False,False,-0.006000000000000005,0.519531631722757
-0.015126069260324485,False,False,False,-0.013999999999999999,0.13468354855553819
-0.003999880179882208,False,False,False,-0.0040000000000000036,0.6705121215292993
0.001497787032856745,False,False,False,-0.008999999999999994,0.35116359490471205
0.007827854858604317,False,False,False,0.0,1.0
0.00223214131688958,False,False,False,0.010999999999999996,0.24519942826320362
0.019695211992347292,True,True,True,0.0325,0.0012886598498909893
0.011016322386976814,False,False,False,0.006999999999999992,0.47023859172674576
-0.01640205249178587,False,False,False,-0.01100000000000001,0.22877243930622837
0.014877722570124157,False,False,False,0.007500000000000007,0.4461732122531512
0.0151624934969616,False,False,False,0.004500000000000004,0.6546362114765507
0.003102630114380992,False,False,False,0.006000000000000005,0.5359591416925424
0.009946857057809741,False,False,False,0.0155,0.12336396352675127
0.0057321630855360906,False,False,False,-0.0024999999999999883,0.7937057917990024
0.004723365215888969,False,False,False,0.009999999999999995,0.29290996938200264
-0.005956952728465783,False,False,False,-0.0050000000000000044,0.5824890089829554
-0.013000221634936165,False,False,False,-0.010000000000000009,0.27390433465533937
0.0017843218032047262,False,False,False,-0.008000000000000007,0.41312156306929304
0.007080865998981818,False,False,False,0.0030000000000000027,0.7569659086119083
-0.0007651948601399202,False,False,False,0.0049999999999999906,0.5767592296352019
0.010132042192033007,False,False,False,-0.003500000000000003,0.7194707061217658
-0.0072245773617690395,False,False,False,0.0050000000000000044,0.5897197110271788
0.006665575164699788,False,False,False,0.015,0.12412409493630266
-0.02497721276977385,False,False,False,-0.01200000000000001,0.1892036473534644
-0.007393973249166305,False,False,False,-0.0005000000000000004,0.9569448349413529
-0.005128874714558941,False,False,False,-0.0034999999999999892,0.7154703471464585
0.009593978808284945,False,False,False,0.008999999999999994,0.3470217099769748
-0.012839438346284288,False,False,False,-0.0020000000000000018,0.8280211217031035
-0.0009102801343462432,True,True,False,0.018500000000000003,0.049361981935664184
-0.009994586682549466,False,False,False,-0.01100000000000001,0.2354908391875662
-0.001191765364228214,False,False,False,0.008999999999999994,0.345971039973358
-0.0008575815904231002,False,False,False,-0.0034999999999999892,0.7136914908817407
0.007855676185591584,False,False,False,0.010499999999999995,0.268912752028329
0.016704967606930018,False,False,False,0.017,0.09011842897128447
-0.010548302374797923,False,False,False,-0.009500000000000008,0.3038544724575104
0.004179240292357576,False,False,False,-0.008499999999999994,0.36650181562567263
-0.0028238262470329867,False,False,False,0.0020000000000000018,0.8358650045906509
-0.008819999421925795,False,False,False,-0.01150000000000001,0.21649482924693564
0.0022412241363176737,False,False,False,0.0165,0.09307841837078343
0.005150214625480303,False,False,False,0.0059999999999999915,0.526167900599847
-0.001520529556363201,False,False,False,0.013499999999999998,0.16329646115668495
0.004784524765977644,False,False,False,-0.008000000000000007,0.41312156306929304
0.01083757763127099,False,False,False,0.014499999999999999,0.10866027451612793
-0.014570121570338634,False,False,False,-0.028999999999999998,0.0018977980837014993
-0.008359996029327446,False,False,False,-0.014499999999999999,0.11131364165819443
0.0010432105927402052,False,False,False,0.0050000000000000044,0.593172212876838
-0.020755839818331574,False,False,False,-0.010499999999999995,0.24535980512263167
0.01151114416734836,False,False,False,0.0165,0.10031050100161859
0.007970136721008504,False,False,False,0.010999999999999996,0.2594718439671674
-0.011130341524553451,False,False,False,-0.012499999999999997,0.16879553430666727
-0.0017386525560392219,False,False,False,-0.007499999999999993,0.4255644424188595
-0.0028104530627505154,False,False,False,-0.0030000000000000027,0.7617370702961552
-0.003918627300906635,False,False,False,0.004500000000000004,0.6302503872586336
0.01763966801224881,True,True,True,0.025999999999999995,0.007817747162610928
0.006161166471624548,False,False,False,-0.0020000000000000018,0.8385349075675433
-0.001119851679958115,False,False,False,0.008499999999999994,0.36541182435528785
0.0026545297196517966,False,False,False,0.0049999999999999906,0.5989718084282847
0.003876779093220715,False,False,False,0.0059999999999999915,0.528912682094608
-0.019828521027932804,False,False,False,-0.02700000000000001,0.002323867664597907
-0.015015105625086745,False,False,False,-0.017,0.06288604753531465
-0.005586710852626607,False,False,False,0.006000000000000005,0.5205002066011168
0.007891537330770453,False,False,False,0.01100000000000001,0.26720213809103976
-0.015324433854627846,False,False,False,-0.018500000000000003,0.04270431551326076
-0.0049507926390750445,False,False,False,0.0050000000000000044,0.5843390648816367
0.0029408890947047045,False,False,False,-0.004500000000000004,0.647609088922406
-0.009630718883273763,False,False,False,-0.009000000000000008,0.3259474157554284
0.002334020542590644,False,False,False,0.010000000000000009,0.31023744751507176
-0.016040988538196913,False,False,False,-0.022500000000000006,0.012797900689910987
-0.0014659446818238201,False,False,False,0.007499999999999993,0.42764942886310087
-0.016490475866914427,False,False,False,-0.0155,0.09498142563671141
0.010038768856865757,False,False,False,0.009999999999999995,0.2992062686645913
0.017808525649545694,True,True,True,0.02149999999999999,0.03125797174397778
-0.008365588883964516,False,False,False,-0.0155,0.10646252917468121
-0.006372282854291262,False,False,False,-0.003500000000000003,0.7093801534434485
0.005733594470579329,False,False,False,0.01050000000000001,0.2900334217442494
-0.008442417473029684,False,False,False,-0.005500000000000005,0.5497542035528848
-0.00196903277125174,False,False,False,0.007500000000000007,0.420229396224187
0.007073295917241412,False,False,False,0.015,0.11704385080645958
-0.015111353419357182,False,False,False,-0.015,0.11061841186216011
-0.009454061348567135,False,False,False,-0.023999999999999994,0.008480463433215655
0.01085971917021142,True,True,True,0.022999999999999993,0.01984931550321081
0.012789942234236793,False,False,False,0.011999999999999997,0.2297750196186007
-0.005933508561489042,False,False,False,0.0,1.0
0.01554245259711754,False,False,False,0.006500000000000006,0.509102635879406
0.0009652688207136694,False,False,False,-0.011999999999999997,0.2028601020427463
0.011864673417084913,False,False,False,0.009000000000000008,0.35620796895368767
-0.006352227426840372,False,False,False,0.003500000000000003,0.7100103332628797
-0.0033361102143225304,False,False,False,-0.0010000000000000009,0.9145156098646383
-0.0003055137965366417,False,False,False,-0.007999999999999993,0.4021890172029209
-0.0007157733494669075,False,False,False,0.013999999999999999,0.13824965498079433
0.013536470838389198,False,False,False,0.011999999999999997,0.23246975961661032
-0.012571380090762538,False,False,False,-0.017,0.057103648770471506
0.004659279122959122,False,False,False,-0.010499999999999995,0.26462481138133487
0.0009617073081103617,False,False,False,0.0,1.0
-0.018810166958303856,False,False,False,-0.013999999999999999,0.1265033674009339
0.014713877578086034,False,False,False,0.014499999999999999,0.14713420187223547
0.026415018723904792,False,False,False,0.009999999999999995,0.32338892761331817
0.004106335179719024,False,False,False,-0.0059999999999999915,0.5298148899262008
0.014690062945358613,True,True,True,0.025499999999999995,0.010332869287964003
0.007175208350084092,False,False,False,0.0010000000000000009,0.9176665738200531
0.029687116744232328,True,True,True,0.03299999999999999,0.0019156565443227583
-0.015495643808802743,False,False,False,-0.021500000000000005,0.01793947501229336
-0.01070863720779135,False,False,False,-0.0005000000000000004,0.9568427978396384
0.015680199518884285,True,True,False,0.020000000000000004,0.04700604894048473
0.007053713845481772,False,False,False,-0.0020000000000000018,0.8375521896657961
0.01512064742849721,True,True,True,0.031,0.001729871189491578
0.005193293846016715,False,False,False,-0.008000000000000007,0.3871330765733356
0.0030625574371473565,False,False,False,0.001999999999999988,0.8348217992638057
-0.0063206832700662555,False,False,False,-0.01200000000000001,0.19028179476123297
0.011944871628792368,False,False,False,-0.0015000000000000013,0.8769027797379989
0.002599829156832497,False,False,False,-0.003500000000000003,0.7087450595212621
-0.006873596472028873,False,False,False,-0.0155,0.09730382783143901
-0.006711282908366631,False,False,False,0.004500000000000004,0.6278553507802935
-0.004053022842713874,False,False,False,-0.010999999999999996,0.2514360831063249
-0.005906983848932118,False,False,False,0.008999999999999994,0.35319877676711364
0.002427692225887449,False,False,False,0.0049999999999999906,0.6005749777873493
0.02102752596074762,False,False,False,0.013999999999999999,0.15459598938821903
0.002550577169692267,False,False,False,0.0175,0.07014849575568421
0.012724008175212478,False,False,False,0.009499999999999995,0.3495200914566824
-0.014723098460382274,False,False,False,0.006500000000000006,0.48380798674228953
-0.004129506564137938,False,False,False,-0.024000000000000007,0.01271946377507602
0.00022590809430987548,False,False,False,0.0010000000000000009,0.9190127367311616
-0.00565317157606064,False,False,False,-0.01050000000000001,0.2569014857837305
0.012055284896270462,False,False,False,-0.007000000000000006,0.4792757998864231
-0.011268463173803504,False,False,False,-0.0155,0.08478562699415418
0.00783484353039012,True,True,False,0.019500000000000003,0.04226588804143916
-0.008733445690539665,False,False,False,0.010499999999999995,0.2477176382284736
-0.004902094350716821,True,True,False,0.019500000000000003,0.038732833789994175
-0.0001231907519362898,False,False,False,-0.0040000000000000036,0.6900625403605001
0.0065074683643572655,False,False,False,-0.007500000000000007,0.44151227628924516
0.004195565669286502,True,True,True,0.025499999999999995,0.009448028625152254
0.019832437513108824,False,False,False,0.012999999999999998,0.19325269855945348
0.003866884996398251,False,False,False,-0.011499999999999996,0.2217956504349583
0.0036107944410337053,False,False,False,0.011499999999999996,0.2389241097216377
0.00039574996018417694,False,False,False,-0.005500000000000005,0.5428516934290958
-0.012426695527624715,False,False,False,-0.017,0.06417115663444892
0.004210330641397495,False,False,False,0.012499999999999997,0.1861568340285148
-0.005368599155064765,False,False,False,-0.018500000000000003,0.04987747236119482
0.012572238545593861,False,False,False,-0.0059999999999999915,0.5342335664292999
0.005295838981250206,False,False,False,0.006999999999999992,0.4645298984523565
-0.0072897616120251385,False,False,False,-0.034,0.0002713114638812284
-0.006488892251242612,False,False,False,-0.0020000000000000018,0.8250941085686814
0.009357356455595213,False,False,False,0.006000000000000005,0.5497363193523787
-0.00021281787318639194,False,False,False,0.0,1.0
-0.016711837693149583,False,False,False,-0.012499999999999997,0.1698498258773503
0.003272333111403212,False,False,False,-0.0014999999999999875,0.8753229498590684
-0.011899015672555541,False,False,False,-0.012500000000000011,0.1740252788423866
0.017096683023138836,True,True,True,0.024499999999999994,0.011931496651637863
0.004969517147621509,False,False,False,-0.001999999999999988,0.8337543890232703
0.012395031734158696,False,False,False,0.010999999999999996,0.2564950547447443
0.0026902411806007708,False,False,False,-0.0020000000000000018,0.8280211217031035
0.003208097967798207,True,True,False,0.020500000000000004,0.032757664090814445
0.0034526102127906823,False,False,False,-0.00399999999999999,0.6732899796599965
-0.015217132518645836,False,False,False,-0.017999999999999988,0.05111734228588539
-0.011634126903397218,False,False,False,-0.0155,0.07842202509252977
-0.002109837865757292,False,False,False,-0.008999999999999994,0.33953526508870124
0.011629748968456767,True,True,True,0.02500000000000001,0.009602653739722912
0.008037313112703125,False,False,False,0.014499999999999999,0.1375700074228022
-0.0033849989788133474,False,False,False,-0.0025000000000000022,0.7867143360626924
0.0034677859067336475,False,False,False,-0.0015000000000000013,0.873384504811358
-0.006193639960749252,False,False,False,-0.013499999999999998,0.150572132010294
0.007827614640775398,False,False,False,-0.0059999999999999915,0.554984815808691
-0.011156316260652421,False,False,False,-0.01100000000000001,0.22877243930622837
0.012571998784584999,False,False,False,0.009499999999999995,0.34313438367641524
-0.013614946692978993,False,False,False,-0.019000000000000003,0.0447236721600222
0.0016465739840378591,False,False,False,0.0030000000000000027,0.7657513585935112
0.00589432678365384,False,False,False,0.0025000000000000022,0.7954365489244298
0.007175013311246842,False,False,False,0.012999999999999998,0.17342143194000104
0.00941596440793052,False,False,False,0.004500000000000004,0.6449195747624459
0.002953527438623516,False,False,False,-0.0005000000000000004,0.9586470155732628
0.013970050851267736,True,True,True,0.034,0.0007338297140592848
-0.006102537804662529,False,False,False,0.003500000000000003,0.7068096802358816
-0.001750175634195815,False,False,False,0.013999999999999999,0.13107448075849776
-0.007395345476613732,False,False,False,-0.017,0.05967269153104853
-0.0014966979290934066,False,False,False,0.0005000000000000004,0.9579204995112734
-0.004686967910284864,False,False,False,-0.01100000000000001,0.2354908391875662
-0.012027697378731245,False,False,False,-0.005500000000000005,0.5581082812719129
0.005382065330958432,False,False,False,0.011499999999999996,0.2228410564334592
-0.009245103512719368,False,False,False,-0.009500000000000008,0.3050003042491136
-0.00829280245301709,False,False,False,-0.013500000000000012,0.14110737220735015
0.0026112963699584284,False,False,False,0.007999999999999993,0.39907519654823753
0.01127203846418662,True,True,True,0.024499999999999994,0.012825422651010743
-0.007456160618480383,False,False,False,-0.0020000000000000018,0.8292240178013194
0.005932341893632285,False,False,False,-0.007500000000000007,0.424511583994463
0.010190704307512642,False,False,False,0.014499999999999999,0.14869503639299475
-0.0048192003559650795,False,False,False,-0.010000000000000009,0.30827925772788134
0.012187392082689747,True,True,True,0.024000000000000007,0.012529391265920528
0.007103849468055235,False,False,False,0.0155,0.11831606594369026
-0.0023578035395955955,False,False,False,-0.008499999999999994,0.3718519794830992
-0.00031468022480059694,False,False,False,0.0,1.0
-0.008042976682683629,False,False,False,-0.010499999999999995,0.26462481138133487
0.00764972979394997,False,False,False,-0.01150000000000001,0.2465316804846548
0.0003869399645931354,False,False,False,0.013499999999999998,0.15335038152601357
-0.006627556163030273,True,True,True,0.02500000000000001,0.008996900195451109
-0.004935535700716039,False,False,False,0.004500000000000004,0.6203246054946896
0.02415590157856859,False,False,False,0.018000000000000002,0.07108781722054952
0.023394384958648762,False,False,False,0.0155,0.12264813235810582
0.0017882441123840843,False,False,False,0.0025000000000000022,0.7867143360626924
-0.004447735589573736,False,False,False,-0.021500000000000005,0.022361331329473474
1.0578304512126316e-05,True,True,False,0.021000000000000005,0.027877200971028807
0.007055588117245475,False,False,False,-0.0010000000000000009,0.918349686822075
-0.0026552651358666135,False,False,False,-0.0040000000000000036,0.6624145320921838
0.015682299892918278,True,True,True,0.021999999999999992,0.024408666654833433
-0.006769038206151957,False,False,False,-0.0050000000000000044,0.5861604072065848
-0.010677075481714348,False,False,False,-0.004500000000000004,0.6325912427141533
-0.0023012587617967308,False,False,False,-0.0025000000000000022,0.7900804016448612
0.004906685814591217,False,False,False,0.007500000000000007,0.4433940476984929
0.00300467900004789,False,False,False,0.015,0.10899333927745189
-0.019774197833363653,False,False,False,-0.019500000000000003,0.030131203114903672
-0.005504364944692584,False,False,False,-0.0040000000000000036,0.67191158851717
0.006483152055746359,False,False,False,-0.0010000000000000009,0.9180106974159709
-0.022226680357659276,False,False,False,-0.031,0.0007817327188604415
-0.00602162113378741,False,False,False,-0.007500000000000007,0.420229396224187
-0.0016728678062675046,False,False,False,-0.017,0.07505124066252802
-0.009695183451688093,False,False,False,-0.011999999999999997,0.18703326105645401
-0.013697307930818525,False,False,False,-0.014499999999999999,0.10866027451612793
-0.006089060200907865,False,False,False,-0.006999999999999992,0.46158979402127553
-0.003669283719729366,False,False,False,0.012999999999999998,0.18173511638265005
0.0037150945957857406,False,False,False,0.0,1.0
-0.01570232820433128,False,False,False,-0.041999999999999996,7.201111721570033e-06
0.0019315876105596718,False,False,False,0.008000000000000007,0.39266653041759314
-0.008694009218145119,False,False,False,-0.018000000000000002,0.05333449827431167
0.004992113645264921,False,False,False,0.00449999999999999,0.6371179315292037
-0.008495263805266738,False,False,False,-0.009500000000000008,0.2980233572246297
0.005069722576939918,False,False,False,0.011999999999999997,0.21382623454021632
-0.01078008767525801,False,False,False,-0.007999999999999993,0.35649446939127283
-0.0071582573415762615,False,False,False,0.009999999999999995,0.2643153872954883
-0.008746924880363742,False,False,False,-0.011999999999999997,0.20690876455793228
0.011745992862971177,False,False,False,0.012999999999999998,0.1657915289008286
-0.0012601004273121333,False,False,False,0.0025000000000000022,0.7919213023305508
-0.005650941623071115,False,False,False,-0.009999999999999995,0.29817098693877897
0.007880343157935775,False,False,False,0.018500000000000003,0.05608272789115128
-0.0022018278011705036,False,False,False,0.0010000000000000009,0.9173171926246734
-0.004929879190872484,False,False,False,-0.0014999999999999875,0.8755913218855879
-0.003420178670527775,False,False,False,0.0005000000000000004,0.9574425660898505
0.012144180121430226,False,False,False,-0.002999999999999989,0.7544461049887894
-0.002649921869260968,False,False,False,0.0025000000000000022,0.789611030335088
-0.006296316285652743,False,False,False,0.004500000000000004,0.6254041315387514
0.013877712691887503,True,True,False,0.01999999999999999,0.041582082757580276
0.01323008093999324,True,True,True,0.024999999999999994,0.012520746385271866
0.010953408251819893,True,True,True,0.021000000000000005,0.029250958270781433
0.0018414766125513563,False,False,False,0.008499999999999994,0.37907355309146074
0.018864667024162195,False,False,False,0.01050000000000001,0.2881174290574615
0.004563612969669343,False,False,False,0.006500000000000006,0.5047573926039642
-0.0019633419149775767,False,False,False,0.009000000000000008,0.3351152114321606
-0.0017113860054191392,False,False,False,-0.013999999999999999,0.13107448075849776
-0.010099790383226956,False,False,False,-0.013999999999999999,0.13736217370590917
-0.002957655616945827,False,False,False,-0.007000000000000006,0.47482910640975995
0.009451835730685903,False,False,False,-0.0005000000000000004,0.958558645766128
-0.018875382976730328,False,False,False,-0.027999999999999997,0.0021874714069452265
-0.008060023563080084,False,False,False,-0.008999999999999994,0.31754638897320486
0.007948999428133045,False,False,False,-0.0014999999999999875,0.8750524931251765
-0.0009544738271224024,False,False,False,-0.010999999999999996,0.2420112500856263
-0.0037044800343756365,False,False,False,0.0,1.0
-0.0072065941640951725,False,False,False,-0.004500000000000004,0.6245742124265115
-0.0066645751494132386,False,False,False,-0.020500000000000004,0.02977920874061762
0.00043334642490490757,False,False,False,-0.009000000000000008,0.32943790851708243
-0.0005927374073617195,False,False,False,-0.013499999999999998,0.14776563797170728
0.0009135838121121215,False,False,False,0.006999999999999992,0.45757671368100106
0.0016949587151908025,False,False,False,0.004500000000000004,0.618576494987108
0.001092125033927588,False,False,False,-0.0059999999999999915,0.5270892568655385
-0.002247467992176371,False,False,False,0.005499999999999991,0.5676021401076164
-0.010845337305090226,False,False,False,-0.0014999999999999875,0.8755913218855879
0.00605970647675084,False,False,False,0.010999999999999996,0.2564950547447443
0.013859227134288919,True,True,False,0.020500000000000004,0.033133754490151275
0.001748545158750283,False,False,False,-0.007000000000000006,0.4544947515858221
-0.004179351980689803,False,False,False,-0.01100000000000001,0.23659113062021409
0.01291381829657193,False,False,False,0.016,0.09313038029250642
0.013403708033452788,True,True,True,0.034,0.0007000829430157479
0.0034858216812793746,False,False,False,-0.0175,0.07192879627526248
0.010435426477840007,False,False,False,0.011999999999999997,0.20489326201133184
-0.009648635858638226,False,False,False,-0.01200000000000001,0.19348826137195718
0.0086465485712366,False,False,False,0.012999999999999998,0.16867949428311013
-0.00370366465039008,False,False,False,-0.0025000000000000022,0.7954365489244298
0.005467966874307249,False,False,False,0.0155,0.1094657832763538
-0.009761164141845927,False,False,False,-0.010499999999999995,0.2741490679214026
-0.003193689996920314,False,False,False,0.01050000000000001,0.2569014857837305
-0.012973274798484136,False,False,False,-0.014000000000000012,0.12925395904809217
-0.0029676556043927355,False,False,False,-0.008000000000000007,0.3937518370009725
-0.012082720606107137,False,False,False,-0.011999999999999997,0.20183685208785584
-0.002807854000043915,False,False,False,-0.0020000000000000018,0.8307826494647028
0.00035090266324603556,False,False,False,0.0025000000000000022,0.7950087572746732
0.013157820990799382,False,False,False,0.018500000000000003,0.05504692144999291
-0.0003779681698716474,False,False,False,0.008999999999999994,0.3470217099769748
-0.007007342926912701,False,False,False,0.008500000000000008,0.36098325605522497
-0.013638636176774006,False,False,False,-0.02800000000000001,0.003162763790369094
0.008838059924059427,False,False,False,0.010499999999999995,0.27620609806793306
0.006692126390448024,False,False,False,-0.006500000000000006,0.5038711719045079
-0.015108034221552848,False,False,False,-0.017,0.057103648770471506
0.0041296907154193905,False,False,False,0.017,0.0660977812106435
0.006564809828326804,False,False,False,0.007500000000000007,0.41694141032749743
-0.004947372898636473,False,False,False,0.0015000000000000013,0.8688415688434156
0.0033302233801391717,False,False,False,0.0020000000000000018,0.8315433163374761
0.005174406811276214,False,False,False,-0.0165,0.08571500331811016
0.011232242724608363,False,False,False,0.013999999999999999,0.15459598938821903
0.011545118470194848,False,False,False,0.013499999999999998,0.16856331291418225
-3.7948715614304505e-05,False,False,False,0.0025000000000000022,0.787206944737144
-0.004894710744781528,False,False,False,0.007500000000000007,0.4113098742979153
0.004945934216600258,False,False,False,0.011499999999999996,0.23203412538774582
-0.006188896479418568,False,False,False,-0.001999999999999988,0.8210610673447432
-0.004308247159822731,False,False,False,0.00399999999999999,0.6766469601732369
-0.011434590220768962,False,False,False,-0.018000000000000002,0.05500020708884184
0.0012351402827600884,False,False,False,0.005500000000000005,0.553536326943763
-0.009516261309236392,False,False,False,-0.018500000000000003,0.04679058271538838
-0.0032330190463753647,False,False,False,0.014000000000000012,0.12742286060949604
-0.011532905245563359,False,False,False,0.0025000000000000022,0.7841894667163084
-0.003959680446848617,False,False,False,0.00449999999999999,0.6356313780137054
0.006687035014625583,False,False,False,0.0030000000000000027,0.7579480092638573
-0.00607197161522103,False,False,False,-0.0010000000000000009,0.9151030309626705
-0.0009587499134173008,False,False,False,-0.0059999999999999915,0.526167900599847
-0.002181372642367776,False,False,False,-0.003500000000000003,0.7048278219184175
0.003753295506288964,False,False,False,0.0155,0.0895164160737538
0.013410304930856098,True,True,True,0.023499999999999993,0.017658147024834314
-0.0028670604019918715,False,False,False,-0.007499999999999993,0.4347363022793994
0.002484486048925655,False,False,False,-0.0020000000000000018,0.8319191241999686
0.0027777209175550983,False,False,False,-0.009999999999999995,0.2852997653866872
-0.0015417737351719207,False,False,False,0.0015000000000000013,0.8745052224252474
0.013030892198100275,False,False,False,0.006500000000000006,0.5038711719045079
0.01517729656168069,False,False,False,0.005500000000000005,0.5748434052145883
-0.009004011347309021,False,False,False,-0.009000000000000008,0.33058722183205314
-0.004384890649273561,False,False,False,0.006499999999999992,0.5020810909267652
-0.014999544029272156,False,False,False,-0.023000000000000007,0.010639840797267016
-0.01941862710789115,False,False,False,-0.0034999999999999892,0.6949092322134742
0.005275641971625723,False,False,False,0.01100000000000001,0.2624056840024295
0.00048579425418676273,False,False,False,0.015,0.11304214107901552
0.004274643542141759,False,False,False,0.0175,0.06239990019594548
-0.0008063518947659309,False,False,False,0.003500000000000003,0.7048278219184175
0.01385868168840981,False,False,False,0.0165,0.10161003265546135
-0.005576970754202171,False,False,False,-0.0050000000000000044,0.5956944901231432
0.004456871000211252,False,False,False,0.012499999999999997,0.19296621547032855
-0.0016575201864011508,False,False,False,-0.007499999999999993,0.4347363022793994
0.00788702498107557,False,False,False,-0.0020000000000000018,0.8391781896443765
0.0162400987374996,False,False,False,0.0049999999999999906,0.5973451601668252
-0.0029786567988539375,False,False,False,-0.0004999999999999866,0.958289414048563
-0.00031214043083570915,False,False,False,-0.007499999999999993,0.4266103675831032
0.0024910901562930333,False,False,False,0.018500000000000003,0.05711875016479688
-0.009955876491137505,False,False,False,-0.011499999999999996,0.2217956504349583
-0.014456186553764398,False,False,False,-0.02550000000000001,0.006871295874956847
0.0032537074735193077,False,False,False,-0.007999999999999993,0.4062507134641541
0.012387527280964126,False,False,False,0.009000000000000008,0.3362301960329842
-0.0143687344604527,False,False,False,-0.014499999999999999,0.11307214826500517
0.0013782045658787666,False,False,False,-0.003500000000000003,0.7172099591432496
-0.0075604045291760725,False,False,False,-0.013499999999999998,0.14587894872233984
-0.002712587712944386,False,False,False,-0.013999999999999999,0.15459598938821903
0.022041863182663192,False,False,False,-0.009500000000000008,0.3403239719312633
0.0030524339621467666,False,False,False,0.016,0.08879642547810848
0.005426678225287954,False,False,False,-0.0165,0.08571500331811016
-0.005232979505055001,False,False,False,-0.0040000000000000036,0.6661820572849129
-0.001303323952608198,False,False,False,0.010999999999999996,0.2241799602430935
0.008125015248656551,False,False,False,0.007999999999999993,0.40824403694040046
0.02120647809322421,False,False,False,0.018000000000000002,0.07328824398457276
-0.003830855267964377,False,False,False,-0.013499999999999998,0.1579181318039603
0.00710590275589148,True,True,False,0.021000000000000005,0.02994306534330069
-0.021415558168598334,False,False,False,-0.012499999999999997,0.16879553430666727
-0.007156209369290896,False,False,False,-0.016,0.09169028154942915
0.008359038659954013,False,False,False,0.008999999999999994,0.3470217099769748
0.0025086163244183784,False,False,False,-0.012500000000000011,0.2032821828791016
-0.0013401217738490466,False,False,False,-0.011999999999999997,0.2028601020427463
0.00475942124601971,False,False,False,0.014499999999999999,0.1343062508554907
0.021486066314362243,False,False,False,0.009500000000000008,0.33842504036088106
0.0035953753091107305,False,False,False,-0.006499999999999992,0.49750013539272375
0.00037716462975632595,False,False,False,-0.0025000000000000022,0.7995444012980776
-0.020363785278309347,False,False,False,-0.022000000000000006,0.015311849018876044
0.01472504012121568,False,False,False,0.01050000000000001,0.283242297530397
-0.0029484254433025238,False,False,False,-0.012999999999999998,0.1826414837937662
0.0005556163407992779,False,False,False,-0.008500000000000008,0.36098325605522497
-0.008032927239892781,False,False,False,0.0010000000000000009,0.9160510722818963
0.005079616452935733,False,False,False,-0.0005000000000000004,0.958469594481381
0.0032582073723325263,False,False,False,0.0050000000000000044,0.6052487901184365
-0.024269931434147653,False,False,False,-0.014499999999999999,0.10329925400807254
-0.019602758323512822,False,False,False,-0.035,0.0002176860447772715
-0.025583079740717746,False,False,False,-0.024500000000000008,0.00504016942258457
-0.01224847068185878,False,False,False,-0.013500000000000012,0.14302539541549833
0.011744451627390191,False,False,False,0.0034999999999999892,0.7160545106439988
-0.003383299951475038,False,False,False,-0.010999999999999996,0.24414195095610436
-0.006248723805639754,False,False,False,0.008499999999999994,0.36973162944910554
-0.009856222237620595,False,False,False,-0.022500000000000006,0.01633507454503267
-0.0009090788270664833,False,False,False,-0.0005000000000000004,0.958198267823837
-0.016181562274499347,False,False,False,-0.013999999999999999,0.11811160116934612
-0.0013899633964620894,False,False,False,-0.0025000000000000022,0.7914664744241605
-0.0161794086289735,False,False,False,-0.013499999999999998,0.13429616845078748
0.00012800248714671159,False,False,False,0.005500000000000005,0.5763931612879963
0.01215239419789142,False,False,False,0.0025000000000000022,0.792372605468133
0.023503661549841303,True,True,True,0.04100000000000001,4.8220248911164665e-05
-0.003503912503847881,False,False,False,-0.020000000000000004,0.03461030516165305
-0.0057509334774999525,False,False,False,-0.01100000000000001,0.23438504833241003
0.006318808486628053,False,False,False,-0.003500000000000003,0.7172099591432496
-0.009066901390795966,False,False,False,-0.019000000000000003,0.04139544139965153
-0.00869910248444493,False,False,False,-0.0010000000000000009,0.9145156098646383
-0.0004500806348372959,False,False,False,-0.007500000000000007,0.41804482685892685
0.0007208116807445003,False,False,False,-0.0010000000000000009,0.915295685998718
-0.0053203149124237325,False,False,False,0.0025000000000000022,0.787206944737144
-0.0051714227167793106,False,False,False,-0.011999999999999997,0.20183685208785584
-0.009017600801404194,False,False,False,-0.03,0.0010589977709792265
0.006204479592771515,False,False,False,0.008499999999999994,0.3810816652840636
0.005408682350963156,False,False,False,-0.0049999999999999906,0.601367922858573
0.008546199372291697,False,False,False,0.015,0.13255646416510683
-0.01047517704949648,False,False,False,-0.010499999999999995,0.2699708767548471
-0.010197453327076698,False,False,False,-0.0165,0.07755709780263408
-0.008268084597514488,False,False,False,-0.0010000000000000009,0.9149088134368225
0.008265566293783097,False,False,False,0.008499999999999994,0.3729024751712696
0.00819379124720721,False,False,False,0.00449999999999999,0.6393073002556661
0.0006428385309476485,False,False,False,0.006999999999999992,0.4654970143810183
-0.0008045433606889522,False,False,False,0.006000000000000005,0.5205002066011168
0.023303568960317586,True,True,True,0.035,0.0003146923042762983
0.00040354426338564016,False,False,False,0.00449999999999999,0.6407406148607842
0.002315761366944,False,False,False,0.009499999999999995,0.31610082181212096
0.014555204569700782,False,False,False,0.010999999999999996,0.2700253138921632
0.013243689303072202,False,False,False,0.013999999999999999,0.15208022497054488
-0.011790762526951735,False,False,False,-0.008499999999999994,0.36650181562567263
0.004635382504875674,False,False,False,0.0175,0.0540397232537368
0.017594772606841523,False,False,False,0.0010000000000000009,0.9176665738200531
0.0072619358708604425,False,False,False,0.003500000000000003,0.7074598852753855
-0.004762859152078232,False,False,False,0.009000000000000008,0.33058722183205314
-0.010394878436077438,False,False,False,-0.0025000000000000022,0.7954365489244298
0.007303255657614066,False,False,False,0.002999999999999989,0.7534114399404639
-0.009018648239295378,False,False,False,-0.017,0.06288604753531465
-0.014013661120517953,False,False,False,-0.02550000000000001,0.006997791713681443
-0.0015807577923159853,False,False,False,0.0005000000000000004,0.9564259728421488
0.0039352226517132645,False,False,False,0.0040000000000000036,0.6698043252887751
0.00011557628112864312,False,False,False,-0.0030000000000000027,0.751829634045849
0.013395230082735589,True,True,False,0.01949999999999999,0.03567844738290321
0.002428029700985004,False,False,False,0.0005000000000000004,0.9586470155732628
-0.0066092842053787765,False,False,False,-0.019500000000000003,0.031394346660125944
0.0025651337453370514,False,False,False,0.013499999999999998,0.15242743526049793
-0.002684705290558721,False,False,False,-0.011999999999999997,0.2108874229928549
0.016186287254286252,False,False,False,0.0010000000000000009,0.9199716675211465
-0.004438897495885758,False,False,False,0.006499999999999992,0.4917943650579948
-0.017888966783482698,False,False,False,-0.0165,0.0693042402822955
-0.011333662600130833,False,False,False,-0.008999999999999994,0.31507770764354637
0.0005350171388569894,False,False,False,-0.003500000000000003,0.7074598852753855
-0.0027597921267227383,False,False,False,-0.005500000000000005,0.5590027011066498
6.875350453167394e-05,False,False,False,0.016,0.08952154985069966
0.0005931044351943536,False,False,False,-0.0020000000000000018,0.8292240178013194
-0.008935599844765038,False,False,False,-0.015,0.1098067918549154
0.003764244661184248,False,False,False,-0.0005000000000000004,0.9580138195478742
0.012362817387077821,False,False,False,0.013999999999999999,0.140016503197169
0.00238712795798661,False,False,False,0.0165,0.08503976216570433
-0.021369559865559173,False,False,False,-0.02550000000000001,0.004171311228159547
-0.01783777130164059,False,False,False,-0.010000000000000009,0.27272933223447904
-0.0022982660547716327,False,False,False,0.0005000000000000004,0.9574425660898505
-0.00616987471769723,False,False,False,-0.0050000000000000044,0.5843390648816367
-0.018891913053987148,False,False,False,-0.011999999999999997,0.2008091298405984
-0.0139382651632731,False,False,False,-0.010000000000000009,0.2715476847727746
-0.006846216670881753,False,False,False,-0.0155,0.09342639760603509
0.00042177656489969794,False,False,False,-0.005500000000000005,0.5581082812719129
-0.008296378530082285,False,False,False,-0.0010000000000000009,0.91431658236657
0.007549811555977958,False,False,False,0.005500000000000005,0.580178181009965
-0.015111755461576353,False,False,False,-0.014499999999999999,0.11307214826500517
-0.0074576159291821036,False,False,False,-0.004500000000000004,0.6294581586445311
-0.0031434503926595896,False,False,False,0.0059999999999999915,0.530710852081454
0.009371877458367307,False,False,False,0.006999999999999992,0.46836051062814843
0.001463907174125068,True,True,True,0.024999999999999994,0.007557525262545304
0.002182358715691589,False,False,False,-0.015,0.12798756268385392
-0.006570182315880289,False,False,False,-0.0015000000000000013,0.8728106137224831
0.0022861752532768553,False,False,False,-0.0010000000000000009,0.9180106974159709
-0.0004433017361064405,False,False,False,0.0015000000000000013,0.8716345958856532
-0.012936895905861634,False,False,False,-0.018000000000000002,0.044510738941702654
0.014761900805302675,False,False,False,0.011499999999999996,0.2389241097216377
0.00970940562222214,True,True,True,0.02500000000000001,0.013732421232114137
-0.009156461657045051,False,False,False,-0.01150000000000001,0.21216407837967655
0.005884266645177106,False,False,False,0.014499999999999999,0.12766629220245437
-0.0028013371588969578,False,False,False,-0.0010000000000000009,0.918349686822075
-0.010253350929207126,False,False,False,-0.015,0.1114281854984175
0.016382731261904655,False,False,False,0.019000000000000003,0.05965177167205602
-0.03022268024063859,False,False,False,-0.012499999999999997,0.16773705372504177
-0.004972000698546913,False,False,False,-0.0040000000000000036,0.6683722791671316
-0.01517623238009191,False,False,False,-0.024000000000000007,0.007845644082030036
0.004919566297026827,False,False,False,0.005500000000000005,0.5572073062521403
0.0037466128130417002,False,False,False,0.0030000000000000027,0.759869780201063
-0.015001038597108414,False,False,False,-0.027499999999999997,0.0034821903787018954
0.0002292144071536936,False,False,False,-0.0025000000000000022,0.787206944737144
0.012585050964738251,True,True,True,0.022500000000000006,0.020418247403894932
0.005525290342599105,False,False,False,0.0005000000000000004,0.9571463857202747
-0.014188522413310143,False,False,False,-0.0040000000000000036,0.6669178441040885
0.01716334999403183,True,True,True,0.022999999999999993,0.01984931550321081
0.004597799572389009,False,False,False,0.008499999999999994,0.3780604619787924
3.9047072741180125e-05,False,False,False,-0.003500000000000003,0.7200257201047657
0.009569310083925798,False,False,False,0.011499999999999996,0.23501424360529177
-0.0009218262826850912,False,False,False,-0.023500000000000007,0.012939725201917175
0.016019147832158232,True,True,True,0.026999999999999996,0.005349343527012216
0.002804081436250315,False,False,False,-0.0050000000000000044,0.6060086207726978
0.006752129484286655,False,False,False,0.0165,0.09108246943495238
0.00023964523393384885,False,False,False,0.0040000000000000036,0.6608647662995152
0.028414720130511297,True,True,True,0.035500000000000004,0.00031987226698265746
-0.014867353127043981,False,False,False,-0.005500000000000005,0.5438607802546225
0.007947320626676276,False,False,False,0.009000000000000008,0.35719960524089767
0.010942130150296048,False,False,False,-0.0040000000000000036,0.6823882287779564
-0.001367374317381089,False,False,False,-0.0155,0.09884510839315848
0.014640195046166466,False,False,False,0.010499999999999995,0.2731125917273133
-0.0019333146170957814,False,False,False,0.0010000000000000009,0.9130870902272716
0.0013464699750031705,False,False,False,-0.004500000000000004,0.6211881429031597
0.0042095962953853155,False,False,False,-0.0010000000000000009,0.9162362051617894
-0.010947905610497008,False,False,False,0.0020000000000000018,0.8284254024638966
0.0012494279910126563,False,False,False,0.0,1.0
0.004479257256861834,True,True,True,0.027499999999999997,0.004685540876846947
-0.003571203705637654,False,False,False,-0.0305,0.0015259273355476247
0.011334474966717873,False,False,False,0.010999999999999996,0.26045452303847727
-0.018516941817347997,False,False,False,-0.025499999999999995,0.0058983216748675705
0.0035275681199924296,False,False,False,0.013999999999999999,0.14611499424427699
0.0002418361890560725,False,False,False,0.0175,0.061204974132336276
0.005066791720527795,False,False,False,0.008999999999999994,0.33733849441669117
0.0031260391345695566,False,False,False,0.010999999999999996,0.25040936417853066
0.01733829286421804,False,False,False,0.0030000000000000027,0.7603416148986168
0.011256356155025541,False,False,False,0.008500000000000008,0.3850270828545198
-0.007576323306679107,False,False,False,-0.009500000000000008,0.3061394693471896
-0.011202034942618152,False,False,False,-0.017499999999999988,0.058217355707421516
-0.010326595188383874,False,False,False,-0.006000000000000005,0.5115222225267417
-0.011786953283232217,False,False,False,-0.003500000000000003,0.7034798810499949
-0.00206191940714622,False,False,False,-0.0034999999999999892,0.7142888890448833
0.009844000834395118,False,False,False,0.019000000000000003,0.05965177167205602
-0.003967482372995321,False,False,False,-0.021000000000000005,0.024511802816893156
-0.0017275177323972954,False,False,False,-0.007000000000000006,0.44705086326711574
0.020467397903687658,True,True,True,0.023499999999999993,0.01610338407255736
0.00568206974786424,False,False,False,0.0025000000000000022,0.801489240893381
0.0016104257569187603,False,False,False,0.000999999999999987,0.9167829824827898
-0.007075167291570788,False,False,False,-0.014499999999999999,0.13017374385713995
-0.004756528990224014,False,False,False,-0.008499999999999994,0.3675850725750244
-0.012786891378979095,False,False,False,-0.007500000000000007,0.4147119258768034
-0.002030593006240611,False,False,False,-0.0005000000000000004,0.9570460272180533
-0.017778801725099186,False,False,False,-0.0050000000000000044,0.591458995148737
-0.0028631327761150824,False,False,False,0.01150000000000001,0.214339584171636
-0.0005984513971352375,False,False,False,-0.006500000000000006,0.4731605914099156
-0.010048796658288678,False,False,False,-0.0025000000000000022,0.7900804016448612
-0.006189054751170751,False,False,False,-0.01150000000000001,0.21649482924693564
-0.012792310994951211,False,False,False,-0.0024999999999999883,0.7782432233276857
0.006903788991299539,False,False,False,-0.01050000000000001,0.29098425150145113
-0.005622410163140678,False,False,False,-0.010999999999999996,0.22067446148408698
-0.00024009756883737536,False,False,False,0.008999999999999994,0.33953526508870124
0.009765765031102895,False,False,False,0.0,1.0
0.002755971592445906,False,False,False,0.007999999999999993,0.4021890172029209
0.008636520135855317,False,False,False,0.007499999999999993,0.43670309747385494
-0.020290011309257602,False,False,False,-0.023999999999999994,0.009304520674352694
-0.005749401638709462,False,False,False,-0.024000000000000007,0.012529391265920528
0.002064595851172124,False,False,False,0.010999999999999996,0.24729879722850412
-0.004505426117242039,False,False,False,-0.0050000000000000044,0.5897197110271788
0.0043301253514233815,False,False,False,0.007999999999999993,0.40524475839802765
-0.007448159802382197,False,False,False,-0.020500000000000004,0.029411028724373407
0.017348875083512058,False,False,False,0.0175,0.07074235429018207
0.008344788684863434,False,False,False,0.014499999999999999,0.1259831108226416
0.00478549733623957,False,False,False,-0.0020000000000000018,0.8276134669883846
0.007121153773133028,False,False,False,0.005499999999999991,0.5625162963257868
-0.0070424903369674385,False,False,False,-0.0010000000000000009,0.9104300200137131
-0.012390236972746793,False,False,False,-0.0005000000000000004,0.9556612537799559
-0.003906337070928455,False,False,False,-0.005499999999999991,0.5642356390540081
0.001227251225303998,False,False,False,-0.006499999999999992,0.5011771100142145
0.00015335842212180586,False,False,False,0.0015000000000000013,0.873384504811358
0.015939086434828182,True,True,True,0.028499999999999998,0.002576260534964474
-0.0024341142223516512,False,False,False,-0.007999999999999993,0.39907519654823753
-0.01366143298984319,False,False,False,-0.015,0.10076146352157139
-0.013322367571737563,False,False,False,-0.011499999999999996,0.21756491818573254
-0.024427110704239575,False,False,False,-0.027999999999999997,0.0013708160507931255
-0.006450911373338653,False,False,False,0.010999999999999996,0.21830784332790287
0.0022521634319616667,False,False,False,0.0010000000000000009,0.9176665738200531
0.011366192398633923,False,False,False,0.010000000000000009,0.31120886079083365
-0.00017452772226098526,False,False,False,-0.009000000000000008,0.33058722183205314
-0.009915417553720628,False,False,False,-0.010499999999999995,0.26134956208416815
-0.0008968243599894632,False,False,False,-0.017,0.0622433778592196
-0.00400230166500381,False,False,False,-0.0015000000000000013,0.8691625003227048
0.012234865029658898,False,False,False,0.014499999999999999,0.13918772898605905
-0.00730939680175258,False,False,False,-0.0025000000000000022,0.7881802196993312
-0.006523521966962037,False,False,False,-0.0015000000000000013,0.8722273916411697
0.009543018306988503,False,False,False,-0.00449999999999999,0.6363773937531577
-0.009822575500395744,False,False,False,-0.020000000000000004,0.032200311354618844
-0.006494640778832882,False,False,False,-0.0050000000000000044,0.5879537317617273
0.016446904375313365,False,False,False,0.0034999999999999892,0.7154703471464585
-0.00689635124613444,False,False,False,0.0010000000000000009,0.91431658236657
0.003258640453239265,False,False,False,-0.0040000000000000036,0.6817685128911773
-0.003984309278876317,False,False,False,-0.005500000000000005,0.5468414568733495
0.010071422664420104,False,False,False,0.006500000000000006,0.5108017185891887
-0.004942176795602189,False,False,False,-0.008000000000000007,0.3871330765733356
0.003980990828144507,False,False,False,0.006999999999999992,0.4664577793689473
0.023052374969822043,False,False,False,0.012499999999999997,0.20871703948537101
-0.007468088031544091,False,False,False,-0.008499999999999994,0.36541182435528785
-0.0011351511999043006,False,False,False,-0.014500000000000013,0.1156939683301946
-0.004873007047114266,False,False,False,-0.0005000000000000004,0.958469594481381
0.0020880513484401076,False,False,False,0.0,1.0
-0.0016087572717240534,False,False,False,0.017,0.0769576130014151
0.0033783052269101307,False,False,False,0.0010000000000000009,0.9176665738200531
0.007957141220380545,False,False,False,0.010999999999999996,0.24625169969252714
0.006172225747637555,False,False,False,-0.0040000000000000036,0.6830035618500347
-0.01241779345097158,False,False,False,-0.00449999999999999,0.6122274625710471
-0.007503369930592836,False,False,False,-0.0025000000000000022,0.7841894667163084
0.0024738607961837934,False,False,False,-0.006499999999999992,0.5020810909267652
0.001149453961516799,False,False,False,0.0030000000000000027,0.7512942231499874
-0.0048204847434322315,False,False,False,-0.01150000000000001,0.21106866372268474
0.003376406783087633,False,False,False,0.0,1.0
-0.004607993482056829,False,False,False,0.0010000000000000009,0.9149088134368225
-0.0077799538096199865,False,False,False,-0.0030000000000000027,0.7427342557646588
-0.00539520868305451,False,False,False,-0.019500000000000003,0.04538492944609285
0.012225337842867352,False,False,False,0.008499999999999994,0.3780604619787924
-0.009868762793729892,False,False,False,-0.0010000000000000009,0.915295685998718
0.01126198313124636,False,False,False,-0.012999999999999998,0.17153531257505095
0.0017532763472439448,False,False,False,0.010499999999999995,0.2699708767548471
0.008739608596312122,False,False,False,-0.0005000000000000004,0.958198267823837
0.0017605365859025802,False,False,False,0.0040000000000000036,0.6786024494160815
-0.0004986766968693619,False,False,False,-0.0050000000000000044,0.5897197110271788
-0.002698779495428742,False,False,False,-0.0005000000000000004,0.9562121884272141
-0.0030942532282081875,False,False,False,-0.0335,0.00039552607945455475
0.0006716014821293268,False,False,False,-0.0010000000000000009,0.9147130132501594
0.005218368042611222,False,False,False,-0.006000000000000005,0.5409986155354107
0.010083329148796217,False,False,False,-0.0020000000000000018,0.8375521896657961
-0.01665185277385278,False,False,False,-0.017,0.060315297055712036
0.013801570201493123,True,True,True,0.022500000000000006,0.017579939287159514
0.01380111930367992,False,False,False,0.013999999999999999,0.16441594791922431
-7.508325854870626e-05,False,False,False,-0.024500000000000008,0.011062328578201412
-0.0003929572411007101,False,False,False,0.0,1.0
-0.0006744463383937161,False,False,False,-0.00399999999999999,0.6759854986370091
0.005072717662087287,False,False,False,0.014499999999999999,0.12429075818379265
-0.0023173255705569483,False,False,False,-0.0155,0.09420457399163834
0.011445534511136191,False,False,False,-0.0015000000000000013,0.8774136210306442
-0.0047331787894406546,False,False,False,-0.0175,0.058814801069710175
0.011079035109293199,False,False,False,0.0030000000000000027,0.7593945412075189
0.00640149457071452,False,False,False,0.006500000000000006,0.5065124896923863
0.008247321258282156,True,True,True,0.024999999999999994,0.011024062677228583
-0.0024754397924745706,False,False,False,-0.006500000000000006,0.48380798674228953
-0.020537814817572206,False,False,False,-0.0059999999999999915,0.5008081025715609
-0.003839497502019803,False,False,False,0.01050000000000001,0.2557747215047167
-0.011320120674730969,False,False,False,-0.013500000000000012,0.14302539541549833
-0.011687787741740112,False,False,False,-0.0050000000000000044,0.5786998503128102
0.018548944742369036,True,True,True,0.027499999999999997,0.005776512199935115
-0.005083978903832556,False,False,False,-0.004500000000000004,0.6245742124265115
0.013820124165160704,False,False,False,0.007000000000000006,0.47392273384356465
0.0118490656716168,False,False,False,0.005500000000000005,0.573272576348706
0.002349944623293126,False,False,False,0.00399999999999999,0.6746477900513189
-0.005949770848706835,False,False,False,0.007999999999999993,0.39907519654823753
-0.010730842840414081,False,False,False,-0.008500000000000008,0.348209502161388
-0.03285781728214891,False,False,False,-0.038000000000000006,2.6814472785163756e-05
-0.014811244933058328,False,False,False,-0.01150000000000001,0.21216407837967655
0.007258791809747334,False,False,False,0.0020000000000000018,0.8315433163374761
-0.010182731964090785,False,False,False,-0.007499999999999993,0.4255644424188595
-0.0004900066275198336,False,False,False,0.0049999999999999906,0.5997762947131557
0.008017717804684252,False,False,False,-0.004500000000000004,0.6442353598266445
0.012060699170236167,False,False,False,0.0175,0.07370498520557232
0.009468640479959907,False,False,False,0.0030000000000000027,0.7579480092638573
0.004897322766620149,False,False,False,-0.004500000000000004,0.6502252632924606
0.0005648382490507441,False,False,False,-0.019000000000000003,0.0447236721600222
0.029176061898890198,True,True,True,0.030000000000000013,0.0031619846842760283
-0.00790636320937257,False,False,False,0.003500000000000003,0.704156567073697
0.0023623347760235226,False,False,False,0.008499999999999994,0.3780604619787924
-0.01040492362298504,False,False,False,-0.022000000000000006,0.015311849018876044
-0.00582928021890824,False,False,False,0.0005000000000000004,0.9571463857202747
0.012640076828828657,True,True,True,0.024499999999999994,0.01318962126012249
-0.0016332372732404468,False,False,False,-0.008499999999999994,0.3780604619787924
0.0027449637126704357,False,False,False,-0.007500000000000007,0.44432618032451643
-0.00690357190495879,False,False,False,-0.0010000000000000009,0.9154867983573287
0.002385871693376529,False,False,False,-0.0034999999999999892,0.7136914908817407
-4.16319604392689e-06,False,False,False,-0.017,0.0622433778592196
-0.005446083023762228,False,False,False,-0.0020000000000000018,0.8315433163374761
0.013878528989802455,False,False,False,0.009000000000000008,0.35818560681947875
-0.007697308785459069,False,False,False,-0.008499999999999994,0.3739465956148361
-0.00015522851131268648,False,False,False,-0.011499999999999996,0.2228410564334592
-0.0019358579587360326,False,False,False,0.012999999999999998,0.16675776763634953
-0.003502639646690571,False,False,False,-0.008000000000000007,0.39157418871038696
-0.0009398814100221952,False,False,False,0.017,0.08012215856480574
-0.008738043937422835,False,False,False,-0.013999999999999999,0.14089586370501622
-0.000620727490364581,False,False,False,-0.00449999999999999,0.6385828234588462
-0.012155818802442635,False,False,False,-0.007500000000000007,0.41914079667363957
-0.0049962573091538,False,False,False,-0.0020000000000000018,0.8315433163374761
0.012691632295360102,True,True,True,0.024499999999999994,0.012108344727662876
-0.007761389600069891,False,False,False,-0.0040000000000000036,0.661642781253081
0.002134536890833001,False,False,False,-0.007499999999999993,0.4386450136709674
0.015252153905332468,False,False,False,0.004500000000000004,0.641449569585644
-0.005375276723168719,False,False,False,0.0005000000000000004,0.9575396960376783
0.012864785388236766,False,False,False,-0.007999999999999993,0.40824403694040046
0.0028562557429185126,False,False,False,0.014499999999999999,0.1285044253785173
0.011466119556996864,False,False,False,0.0030000000000000027,0.759869780201063
-0.02029415086047625,False,False,False,-0.037500000000000006,5.355068331549375e-05
-0.006704604045288997,False,False,False,-0.012999999999999998,0.17991202422094577
0.002384766647496579,False,False,False,-0.006999999999999992,0.46059661870477175
-0.008005443916022306,False,False,False,-0.0005000000000000004,0.9574425660898505
-0.013828821903696012,False,False,False,-0.01200000000000001,0.1913552678935304
-0.013838452354502663,False,False,False,-0.022499999999999992,0.014882861267265209
0.008404762773572058,False,False,False,0.0,1.0
0.004797955353579116,False,False,False,0.0050000000000000044,0.5879537317617273
-0.0001077017304250711,False,False,False,0.0024999999999999883,0.7928204267531094
0.00560489499188018,False,False,False,0.018000000000000002,0.06056011759351467
-0.004867060659186709,False,False,False,-0.01100000000000001,0.2354908391875662
-0.006068304429071349,False,False,False,-0.005499999999999991,0.5397764956385984
0.002217099900859483,False,False,False,-0.0059999999999999915,0.5333619281803094
0.0071985466974096935,False,False,False,0.005500000000000005,0.5724791202138344
0.006934838102185319,True,True,True,0.033,0.0010949068212580222
0.01643880694224326,True,True,True,0.021999999999999992,0.02470248933900781
0.010758959557109609,False,False,False,0.010499999999999995,0.27102353329566586
-0.022144082580288434,False,False,False,-0.040499999999999994,4.0101332466547425e-06
-0.005394057241028935,False,False,False,-0.006499999999999992,0.4927616916888786
0.01094429687192843,False,False,False,0.001999999999999988,0.8344687286657886
-0.005964255191440354,False,False,False,0.0005000000000000004,0.9576360445320503
-0.013848457847811104,False,False,False,-0.0155,0.0996135974052427
0.0058561989900751815,False,False,False,0.003500000000000003,0.7100103332628797
0.02047424032043308,True,True,True,0.032,0.0008936237450620659
0.004449226835436267,False,False,False,-0.007499999999999993,0.431738389942698
0.0013181326375639958,False,False,False,0.006499999999999992,0.5020810909267652
0.003857454300568735,True,True,False,0.019000000000000003,0.04903789013927486
0.007458389534246756,False,False,False,-0.010499999999999995,0.279252381247325
0.016822217942304072,False,False,False,0.011999999999999997,0.21576422436569065
0.004197565064973408,True,True,True,0.023000000000000007,0.015333162113602784
-0.021048679544597132,False,False,False,-0.022500000000000006,0.01104835735113672
-0.010276200510061766,False,False,False,-0.013500000000000012,0.14206794731333447
-0.0160457528541917,False,False,False,-0.018500000000000003,0.040173946962337836
0.0018192759979720693,False,False,False,0.0155,0.10871739535650199
0.006905957479132655,False,False,False,0.01050000000000001,0.2881174290574615
-0.0012910737348003545,False,False,False,-0.0059999999999999915,0.5270892568655385
0.011178057757864686,False,False,False,-0.004500000000000004,0.6489261477600405
-0.0028667581592467153,False,False,False,0.009999999999999995,0.2885970455099176
3.159846000470841e-05,False,False,False,-0.006999999999999992,0.46059661870477175
-0.001374941444876394,False,False,False,-0.005499999999999991,0.5642356390540081
0.007308366210978958,False,False,False,0.0015000000000000013,0.8812415851175761
0.011558750383481158,True,True,True,0.03,0.0026790704508359475
0.002083983212066099,False,False,False,-0.006000000000000005,0.5175732439600985
0.0016538584702689792,False,False,False,0.0040000000000000036,0.6726033872393302
0.017718213960005783,True,True,True,0.022499999999999992,0.02121383313947547
0.001244762144555043,False,False,False,-0.005500000000000005,0.553536326943763
0.00018932496582443144,False,False,False,-0.0015000000000000013,0.877666189005732
-0.003319054743481433,False,False,False,0.008000000000000007,0.38486847137684854
-0.013387528960629207,False,False,False,-0.0030000000000000027,0.7408932946900454
-0.013477482369954557,False,False,False,-0.010499999999999995,0.26462481138133487
-0.004532839775932119,False,False,False,-0.0010000000000000009,0.9120137031513721
-0.016011175594003883,False,False,False,-0.010000000000000009,0.28418850832832065
-0.0026426143137967574,False,False,False,0.007999999999999993,0.4032139697589945
-0.013805601646676297,False,False,False,-0.021000000000000005,0.020315065868384892
-0.0017351836006688662,False,False,False,-0.01050000000000001,0.2523583885502121
0.006412347702673542,False,False,False,0.00449999999999999,0.6378530541598988
0.008599830670589862,False,False,False,0.006999999999999992,0.4625763542908654
0.015346315768940173,False,False,False,-0.006000000000000005,0.5434440172427852
-0.015927977059622362,False,False,False,-0.011999999999999997,0.2008091298405984
0.0058525663265055995,False,False,False,-0.0005000000000000004,0.9588217433439491
0.0005876007635198301,False,False,False,0.0050000000000000044,0.606763142404378
0.004255405326789844,False,False,False,0.017,0.07250162691110648
-0.019155400041572006,False,False,False,-0.026499999999999996,0.0039529544579645125
-0.0020281347266795026,False,False,False,-0.0059999999999999915,0.5030173954373216
0.011078955251040797,True,True,True,0.023499999999999993,0.016764091811916754
-0.0026472047040610636,False,False,False,0.006500000000000006,0.4817397624186547
0.003204517573826201,False,False,False,0.006000000000000005,0.5401726573616918
0.016439044819747364,False,False,False,0.009000000000000008,0.3630327120379907
0.0028711907675304416,False,False,False,-0.003500000000000003,0.7087450595212621
-0.009897299792037498,False,False,False,-0.019500000000000003,0.04137904777719183
0.003919279696284241,False,False,False,0.0034999999999999892,0.7142888890448833
0.003076493133344773,False,False,False,0.004500000000000004,0.6435463058983036
0.009869361891226154,False,False,False,0.0155,0.1094657832763538
-0.0032955917317148177,False,False,False,-0.017,0.06738115937838891
0.0012219467955255064,False,False,False,-0.019000000000000003,0.05048194894268911
-0.0020762629397570015,False,False,False,-0.0025000000000000022,0.7891379081497985
-0.009358653585882917,False,False,False,0.004500000000000004,0.6294581586445311
0.007149492888067481,False,False,False,-0.0050000000000000044,0.6052487901184365
-0.007370847391177421,False,False,False,-0.010999999999999996,0.2218488512069995
0.005718678367051955,False,False,False,-0.0050000000000000044,0.6097292774439218
-0.004379772919279018,False,False,False,-0.019500000000000003,0.04005307559247887
0.012542903848294882,False,False,False,0.018500000000000003,0.05452915362641771
-0.005539343938634243,False,False,False,0.013499999999999998,0.13917685619166295
-0.002923028461296854,False,False,False,-0.0020000000000000018,0.8326618763520991
-0.0009058879455106469,False,False,False,-0.0020000000000000018,0.8351721807920515
0.026433602228166774,True,True,True,0.04050000000000001,5.4910615585930904e-05
0.0024882616581803378,False,False,False,-0.007999999999999993,0.4032139697589945
0.005963192241041339,False,False,False,0.006000000000000005,0.5243055455829027
-0.007442932267913796,False,False,False,-0.014499999999999999,0.12429075818379265
0.02410212905097496,True,True,True,0.023499999999999993,0.018110555871638942
-0.00709073959408714,False,False,False,-0.005499999999999991,0.565930744199127
-0.011561756675558267,False,False,False,0.0030000000000000027,0.759869780201063
-0.0055463080015827814,False,False,False,-0.01150000000000001,0.21649482924693564
-0.005208826082398812,False,False,False,-0.0025000000000000022,0.7881802196993312
-0.012838795437057472,False,False,False,-0.018500000000000003,0.03766680208501867
0.0012944892987316115,False,False,False,-0.0005000000000000004,0.9578264366208844
0.012554315599940085,True,True,True,0.02149999999999999,0.02800425519569166
-0.006737841121526232,False,False,False,0.0020000000000000018,0.8330288937195212
0.008229940952450129,False,False,False,0.013000000000000012,0.18712194541610694
-0.002670446259723485,False,False,False,-0.0155,0.08873076365240878
0.021259948293861273,True,True,True,0.031,0.0021617795761400774
0.007898058580446518,False,False,False,0.0020000000000000018,0.8378821714119817
0.002566587650758511,False,False,False,0.006499999999999992,0.49372237977738176
0.0002994578668503144,False,False,False,0.016,0.09384865929743225
-0.007889611361902821,False,False,False,0.0024999999999999883,0.7945777264924048
-0.013231256586362697,False,False,False,-0.0175,0.058814801069710175
-0.013087208772264413,False,False,False,-0.019000000000000003,0.04139544139965153
0.019478647458517757,True,True,True,0.027999999999999997,0.004574993936101621
0.009677585944054382,False,False,False,0.006000000000000005,0.5243055455829027
-0.014650140969071945,False,False,False,-0.009000000000000008,0.32943790851708243
0.009703372179803212,False,False,False,0.018500000000000003,0.05608272789115128
-0.004161658547916662,False,False,False,-0.0005000000000000004,0.9575396960376783
-0.00966913645391093,False,False,False,-0.007999999999999993,0.3693854707304144
-0.017761755867435156,False,False,False,-0.035,0.00015456158369000692
-0.0016647223538466941,False,False,False,0.008499999999999994,0.3729024751712696
0.0020923488385490804,False,False,False,-0.0004999999999999866,0.958289414048563
-0.00705251141636581,False,False,False,0.0030000000000000027,0.7439363342621983
0.013734244098038917,False,False,False,0.016,0.103071297876048
-0.01302053006772663,False,False,False,-0.022000000000000006,0.02095591151479888
0.0008085617741488937,False,False,False,0.0165,0.0877351512483143
-0.023896221384577036,False,False,False,-0.029000000000000012,0.0011047765073333216
0.003348317418747581,False,False,False,-0.0010000000000000009,0.9181808263389873
-0.022001159865877327,False,False,False,-0.024500000000000008,0.010891585710251356
-0.010491310902112503,False,False,False,-0.007500000000000007,0.4147119258768034
-0.00120284279717592,False,False,False,-0.0050000000000000044,0.6052487901184365
0.0063912834466883775,False,False,False,0.003500000000000003,0.7118719803008808
-0.006054429630999192,False,False,False,-0.005500000000000005,0.553536326943763
-0.010322461952468706,False,False,False,-0.009499999999999995,0.3139314941110979
-0.014007136954442003,False,False,False,-0.013500000000000012,0.14110737220735015
0.013898517853721046,False,False,False,0.010999999999999996,0.24937759784744096
-0.010946726140331932,False,False,False,-0.005500000000000005,0.5598906400123786
0.008862485186500168,True,True,True,0.024000000000000007,0.011965693567484684
0.009286643211463287,False,False,False,0.009499999999999995,0.32658670721429883
-0.013059551686095712,False,False,False,-0.014499999999999999,0.10598862529559228
0.014667434787598918,False,False,False,0.018500000000000003,0.05245951349542082
0.012378336912971362,True,True,True,0.024499999999999994,0.008463196761389458
0.007507991675719238,False,False,False,0.011999999999999997,0.20989925255295494
-0.005156273532986695,False,False,False,0.009000000000000008,0.32239174773360535
-9.183988386967603e-05,False,False,False,0.0,1.0
0.0010030813304244596,False,False,False,0.008000000000000007,0.38825425811870184
-0.014604990551285196,False,False,False,-0.009000000000000008,0.33058722183205314
-0.004648067296250756,False,False,False,-0.0034999999999999892,0.7130895761653324
0.003175964388547745,False,False,False,0.0010000000000000009,0.9135037993236381
0.021319572646893988,False,False,False,0.013499999999999998,0.16594375338186762
0.011954984449817647,False,False,False,0.008000000000000007,0.4121579259509588
-0.0005607430453806322,False,False,False,-0.011999999999999997,0.20489326201133184
0.006977646986792087,False,False,False,0.009499999999999995,0.31501925414581966
0.002990716335095979,False,False,False,0.0040000000000000036,0.6866061708900206
0.0036581489271558403,False,False,False,0.010999999999999996,0.24937759784744096
0.006153422834017371,True,True,False,0.020500000000000004,0.035405657253909296
0.0004921896644245724,False,False,False,-0.017,0.08075298711372561
0.004696736900155783,False,False,False,0.008499999999999994,0.3749843981756056
-0.013005384844723156,False,False,False,-0.0165,0.07824112441987352
-0.0009746412636400541,False,False,False,-0.0040000000000000036,0.67191158851717
0.0019421359236434768,False,False,False,-0.0165,0.0809700982767702
-0.012403239874602363,False,False,False,-0.012999999999999998,0.1508640937615981
-0.007937574225405282,False,False,False,-0.0050000000000000044,0.5806095193395369
-0.009371234176622308,False,False,False,-0.008000000000000007,0.3802481935822466
-0.010957649177571993,False,False,False,-0.0030000000000000027,0.7408932946900454
-0.00875999402734717,False,False,False,-0.007500000000000007,0.4113098742979153
-0.009062391970570795,False,False,False,-0.010499999999999995,0.26784912131524796
-0.01771459983364918,False,False,False,-0.020500000000000004,0.027948511308906358
-0.006388407248598641,False,False,False,-0.019500000000000003,0.04226588804143916
0.011978770190854532,False,False,False,0.0010000000000000009,0.91714049071715
-0.0062325064522798105,False,False,False,0.0030000000000000027,0.7421257145688109
0.008430875127161699,False,False,False,0.0,1.0
-0.0034263285490896325,False,False,False,-0.0049999999999999906,0.5997762947131557
-0.017269515113890705,False,False,False,-0.013499999999999998,0.1313307235213284
0.015899201159432528,True,True,True,0.029000000000000012,0.0023916092624372523
0.0031390434248349127,False,False,False,0.0049999999999999906,0.6021551941138713
0.015329758809589743,False,False,False,0.013999999999999999,0.15459598938821903
0.0012244112569502138,False,False,False,0.0049999999999999906,0.5981614526835288
-0.010490657328534584,False,False,False,-0.0155,0.1034338576407573
-0.001304461640270823,False,False,False,-0.0010000000000000009,0.9145156098646383
0.009989730402677047,False,False,False,0.0005000000000000004,0.9602829696883035
0.010472258941477013,False,False,False,0.0015000000000000013,0.8784127459614017
0.01332706292267271,False,False,False,-0.017,0.08012215856480574
-0.00698407998877302,False,False,False,-0.006500000000000006,0.48483107842956064
-0.010161699575428456,False,False,False,-0.010999999999999996,0.21830784332790287
0.011555911540739434,True,True,True,0.023499999999999993,0.015667795946626543
-0.015019675782547176,False,False,False,-0.020000000000000004,0.026723404019039762
-0.0035981050702398733,False,False,False,-0.008999999999999994,0.35319877676711364
0.00046328376867384765,False,False,False,-0.003500000000000003,0.7112561884757587
0.010129730097935165,False,False,False,0.0015000000000000013,0.8803254755672161
0.0009688698682468366,False,False,False,-0.010999999999999996,0.24625169969252714
0.016585591049048835,False,False,False,0.013499999999999998,0.18289208811838864
-0.008425528924464973,False,False,False,-0.0049999999999999906,0.5707435093429106
-0.005999249119334662,False,False,False,0.005500000000000005,0.553536326943763
0.0010695545598165587,False,False,False,0.011999999999999997,0.2028601020427463
0.00884954255494721,False,False,False,-0.012499999999999997,0.1801644091160255
0.010013167946935108,False,False,False,0.01100000000000001,0.2624056840024295
-0.01035709770688366,False,False,False,0.00399999999999999,0.6739714271450239
-0.0063201961712389286,False,False,False,-0.0005000000000000004,0.9576360445320503
0.0014963589419199667,False,False,False,0.007500000000000007,0.4489014744813671
-0.017427613353897628,False,False,False,-0.011499999999999996,0.19282574126128738
-0.0028779251525404017,False,False,False,0.013499999999999998,0.1496397729946055
0.006542813512242585,False,False,False,-0.009999999999999995,0.30023600772340175
-0.02435797166405946,False,False,False,-0.009000000000000008,0.3271180688620874
0.005335078682575298,False,False,False,-0.012999999999999998,0.16675776763634953
0.0015496179152796577,False,False,False,-0.003500000000000003,0.7216670726523935
-0.004928272258866553,False,False,False,0.013499999999999998,0.16418198241401172
-0.0019395257188093609,False,False,False,-0.007999999999999993,0.37308071086145667
-0.019980724368144197,False,False,False,-0.0005000000000000004,0.9556612537799559
0.015651908476878928,False,False,False,0.01050000000000001,0.29098425150145113
0.007740457392860231,False,False,False,0.007499999999999993,0.4386450136709674
0.00788193554636007,False,False,False,0.0155,0.1079673826581483
-0.0003946110009687385,False,False,False,-0.0015000000000000013,0.873384504811358
-0.00014269840868561147,False,False,False,-0.004500000000000004,0.6318168582310262
0.020008942849147338,False,False,False,0.0050000000000000044,0.6075124125986454
-0.0012828844959164223,False,False,False,-0.010499999999999995,0.268912752028329
0.009274156695122082,False,False,False,-0.008999999999999994,0.35218412394230214
-0.011086637324925713,False,False,False,-0.01849999999999999,0.04423187859533228
0.0090396561222024,False,False,False,-0.0020000000000000018,0.8333930529487893
-0.013252666287425614,False,False,False,-0.017,0.07441462858187929
0.012663763211232285,False,False,False,0.010999999999999996,0.25040936417853066
-0.009242596266012072,False,False,False,-0.022500000000000006,0.01937125405293525
-0.003500973297114324,False,False,False,0.0010000000000000009,0.915295685998718
0.0028265257959339085,False,False,False,-0.006499999999999992,0.49750013539272375
-0.007579221641291009,False,False,False,-0.008500000000000008,0.36431503633978124
0.000844837224211066,False,False,False,0.015,0.10736099433369597
-0.015053290570128795,False,False,False,-0.020500000000000004,0.024372501276533072
-0.0196512244167438,False,False,False,-0.021999999999999992,0.01556701186481583
-0.00047591139664277595,False,False,False,0.006499999999999992,0.4927616916888786
-1.1856508397759534e-05,False,False,False,-0.0050000000000000044,0.593172212876838
-0.00924512520789392,False,False,False,-0.008499999999999994,0.34456537655137776
0.004277480380347635,False,False,False,0.010499999999999995,0.268912752028329
-0.010180755928204466,False,False,False,-0.013499999999999998,0.14870427499728514
-0.00404839697777576,False,False,False,-0.006500000000000006,0.48885183614702654
-0.005055297813762554,False,False,False,-0.015,0.12021039047837206
7.340029402290742e-05,False,False,False,-0.009499999999999995,0.3224629615309834
0.0036692599226130222,False,False,False,0.0059999999999999915,0.5350992835733397
-0.0030048014081246444,False,False,False,-0.0010000000000000009,0.911793405378692
0.0032578431225813833,False,False,False,-0.0010000000000000009,0.9145156098646383
0.016753025848551234,False,False,False,0.018500000000000003,0.05401150587675196
-0.0009599901323334212,False,False,False,0.004500000000000004,0.6325912427141533
-0.01727550483450081,False,False,False,-0.014000000000000012,0.13016554616650655
-0.01419723860255286,False,False,False,-0.014500000000000013,0.11656359726809098
-0.013414061356100113,False,False,False,-0.013499999999999998,0.12833779741129955
-0.020443696683751185,False,False,False,-0.035500000000000004,0.00012192087144960856
-0.008658595761291264,False,False,False,-0.005500000000000005,0.5544642894863744
-0.0036304190839807505,False,False,False,0.013999999999999999,0.1265033674009339
-0.00020561412541591942,False,False,False,0.013499999999999998,0.15242743526049793
-0.007317600008018632,False,False,False,-0.012999999999999998,0.1618905913703208
0.00817052146956734,True,True,True,0.022999999999999993,0.018625811558145165
0.0014259422472281014,False,False,False,0.0155,0.09653107236760534
-0.026164773469506356,False,False,False,-0.02500000000000001,0.00437122218364397
0.0025190714530825397,False,False,False,0.0025000000000000022,0.792372605468133
0.002029164863825953,False,False,False,0.017999999999999988,0.051671137461694265
0.0029071749947389806,False,False,False,-0.010999999999999996,0.2554931073235155
0.0060900749972218095,False,False,False,0.014499999999999999,0.14791580463271733
0.0002911200094278001,False,False,False,-0.009500000000000008,0.3095175098224058
0.004129759185992932,False,False,False,0.009500000000000008,0.3095175098224058
-0.014550096000330285,False,False,False,-0.015,0.09066931744254617
0.0027562427005111685,False,False,False,0.010999999999999996,0.23877534737481543
0.01460727735019543,False,False,False,0.003500000000000003,0.7227420022270221
-0.004446241946990486,False,False,False,-0.012499999999999997,0.1871414952938345
0.011922693222536813,False,False,False,0.013499999999999998,0.16329646115668495
0.001821577413039475,False,False,False,-0.006499999999999992,0.4927616916888786
-0.012033501069214182,False,False,False,-0.012999999999999998,0.16287123473726894
0.0069704679544411886,True,True,True,0.024499999999999994,0.011931496651637863
-0.0032689055893655034,False,False,False,-0.008499999999999994,0.3707950504951383
-0.011482340727509087,False,False,False,-0.02700000000000001,0.0048771130990535915
-0.002967229632968778,False,False,False,0.007500000000000007,0.42238478504422505
-0.023133180179312488,False,False,False,-0.009499999999999995,0.28074008871779843
-0.015347854809159686,False,False,False,-0.01899999999999999,0.03997888227248917
0.031428701078447634,True,True,True,0.02600000000000001,0.011849300830634698
0.0051282657617407156,False,False,False,-0.0005000000000000004,0.9594949666856836
-0.015940795911209966,False,False,False,-0.019000000000000003,0.042818229951210575
0.00399039160368819,False,False,False,0.011499999999999996,0.224917316276676
-0.000568128900196685,False,False,False,-0.0025000000000000022,0.7919213023305508
0.002516605903336298,False,False,False,0.0165,0.0755011182719923
0.011330206629721635,False,False,False,0.0049999999999999906,0.6037129669430525
-0.0057638832887180755,False,False,False,-0.009500000000000008,0.3072720225524923
0.010330003524797926,False,False,False,0.0015000000000000013,0.8789013741559228
-0.004143562589339412,False,False,False,-0.008999999999999994,0.3552106507115922
0.008072579943147716,False,False,False,-0.013999999999999999,0.1265033674009339
-0.007995635639531925,False,False,False,0.010000000000000009,0.27272933223447904
-0.010254276056752916,False,False,False,0.0,1.0
0.010009588071655957,False,False,False,0.0165,0.08974657789132458
-0.02121373003017689,False,False,False,-0.01050000000000001,0.2523583885502121
0.004877453178732136,True,True,False,0.020000000000000004,0.03259970010590483
0.018067845872281853,False,False,False,0.016,0.10236980946584706
-0.02285534635116653,False,False,False,-0.019000000000000003,0.03347478504444571
0.004477731881110381,False,False,False,-0.006000000000000005,0.54263424057164
0.003438082179259717,False,False,False,0.0059999999999999915,0.530710852081454
0.005796972357960193,False,False,False,0.012499999999999997,0.19865041688328755
-0.012579280592177593,False,False,False,-0.0030000000000000027,0.7415120835308439
0.010145528296951409,False,False,False,0.013999999999999999,0.140016503197169
-0.002445822347166925,False,False,False,-0.0020000000000000018,0.8401258500159712
0.0012420111474826425,False,False,False,0.0025000000000000022,0.789611030335088
0.0057187009890870034,False,False,False,0.0050000000000000044,0.6111819474481703
0.0009891235479283166,False,False,False,-0.008499999999999994,0.3780604619787924
0.0024658533447637033,False,False,False,0.0030000000000000027,0.7579480092638573
-0.005850012552219592,False,False,False,-0.008500000000000008,0.36098325605522497
-0.00465635785971114,False,False,False,-0.01949999999999999,0.03567844738290321
-0.007115789843198501,False,False,False,-0.009000000000000008,0.32476952143399396
-0.004358868570964674,False,False,False,-0.0025000000000000022,0.792372605468133
-0.005319618650191992,False,False,False,0.0040000000000000036,0.6676478946415711
-6.208418183202461e-05,False,False,False,-0.0155,0.10419336337940853
0.0030149590545661313,False,False,False,0.0025000000000000022,0.7900804016448612
-0.0022689458071600255,False,False,False,-0.007000000000000006,0.4720925085520088
-0.0032510022196327415,False,False,False,0.0005000000000000004,0.958198267823837
-0.014326301776941433,False,False,False,-0.0030000000000000027,0.7421257145688109
-0.0009508963929300816,False,False,False,0.006999999999999992,0.46158979402127553
-0.010125713734385526,False,False,False,-0.0030000000000000027,0.7496628604927678
0.006716629609974599,False,False,False,0.0025000000000000022,0.792372605468133
-0.012134814351557097,False,False,False,-0.004500000000000004,0.6237377368853438
0.009641342877438905,False,False,False,0.016,0.1044701165248463
0.006790544525310918,False,False,False,0.010999999999999996,0.2534745035757512
0.00889076358791827,True,True,False,0.019500000000000003,0.038732833789994175
-0.016751541371706504,False,False,False,-0.014000000000000012,0.13016554616650655
-0.009084965842900378,False,False,False,0.008999999999999994,0.31754638897320486
0.0028387152302687462,True,True,True,0.022000000000000006,0.020394840183375847
-0.0062513464684219675,False,False,False,0.0030000000000000027,0.7559692253896613
-0.02139374699600374,False,False,False,-0.042499999999999996,1.5868188464405255e-06
-0.008537837970266889,False,False,False,-0.008500000000000008,0.3621008165456019
-0.016741873962963266,False,False,False,-0.01050000000000001,0.25120746003520844
-0.007167552001588595,False,False,False,-0.007000000000000006,0.4459574261428696
-0.0022101545436598686,False,False,False,0.012999999999999998,0.17715134464448556
0.009320293521555632,False,False,False,0.012500000000000011,0.1740252788423866
-0.0031488188467929086,False,False,False,-0.008000000000000007,0.39266653041759314
0.005508826702564892,False,False,False,0.008999999999999994,0.33953526508870124
-0.018517263404910306,False,False,False,-0.018000000000000002,0.05889182029942982
0.00919806932260905,True,True,True,0.02099999999999999,0.03168728095533304
-0.00701995976706819,False,False,False,-0.016,0.08588539608088577
-0.011238996787023375,False,False,False,-0.025499999999999995,0.004678545490790025
-0.0017442338052037227,False,False,False,-0.013499999999999998,0.16506441140641004
-0.008212640744256294,False,False,False,-0.014499999999999999,0.1285044253785173
-0.025234668285268484,False,False,False,-0.02600000000000001,0.0037936141410424436
-0.00048276700566854294,False,False,False,-0.008500000000000008,0.3850270828545198
0.01487993008672542,False,False,False,0.005499999999999991,0.569250339173202
0.001503414649698684,False,False,False,0.0010000000000000009,0.912232093043372
-0.013831947172004913,False,False,False,-0.0040000000000000036,0.6669178441040885
-0.015307079385549505,False,False,False,0.0005000000000000004,0.9568427978396384
-0.0017344035312408495,False,False,False,-0.011999999999999997,0.19874019218030603
-0.003936926160783441,False,False,False,0.006499999999999992,0.500267086956929
-0.0036485200678210007,False,False,False,-0.015,0.116247345505729
0.0010920743291879722,False,False,False,-0.011499999999999996,0.23402545747340087
-0.0030321594822372787,False,False,False,-0.0015000000000000013,0.8747799260177833
0.00451135910824054,False,False,False,0.0040000000000000036,0.67191158851717
0.008913713849146581,False,False,False,0.017,0.08264099583071362
-0.01390107100011023,False,False,False,-0.021000000000000005,0.0275360622588086
0.0024613255770485442,False,False,False,-0.0034999999999999892,0.7124830909298443
0.004603606343889285,False,False,False,0.002999999999999989,0.7534114399404639
-0.0034460717182905336,False,False,False,-0.0059999999999999915,0.526167900599847
-0.00667667679524858,False,False,False,-0.016,0.0866146909601541
0.014391567423722794,False,False,False,0.0015000000000000013,0.8758576344350544
0.009318488985694358,False,False,False,-0.012499999999999997,0.19487640947695184
-0.009590428763767778,False,False,False,-0.011499999999999996,0.219690157495524
-0.030923848658069696,False,False,False,-0.03499999999999999,8.967783662630476e-05
-0.009568755443771776,False,False,False,-0.007000000000000006,0.4459574261428696
0.011752662607694267,False,False,False,0.012500000000000011,0.20510860000700804
0.0038391313479685875,True,True,True,0.022500000000000006,0.017078370851634835
-0.016854769159736355,False,False,False,-0.0305,0.0007171055189754208
-0.01671300146309918,False,False,False,-0.014500000000000013,0.1156939683301946
0.01455902333813909,False,False,False,-0.0020000000000000018,0.8413582388034467
-0.002335522612877132,False,False,False,0.0,1.0
-0.016842193890482013,False,False,False,-0.01200000000000001,0.19560276996533477
0.0001880272440556048,False,False,False,0.019000000000000003,0.05048194894268911
0.009370981175341445,True,True,True,0.026499999999999996,0.006540011526743292
0.01151191075192839,True,True,False,0.019000000000000003,0.0447236721600222
-0.008868594270693017,False,False,False,-0.0059999999999999915,0.528912682094608
0.007843799283270147,False,False,False,0.003500000000000003,0.7205767563500022
-0.016476143820526125,False,False,False,-0.023499999999999993,0.010227576879566908
0.0018631080403449902,False,False,False,0.006000000000000005,0.523364401465232
0.008261509042306606,False,False,False,0.012499999999999997,0.1920052701528312
0.008937728952896868,False,False,False,0.01050000000000001,0.2591372393523522
-0.001239828281775757,True,True,True,0.021999999999999992,0.018467614549511176
-0.003210089786870609,False,False,False,0.011499999999999996,0.2217956504349583
-0.0006046166734437929,False,False,False,0.009499999999999995,0.31610082181212096
0.007261854359814618,False,False,False,-0.011999999999999997,0.20489326201133184
-0.004967387081510176,False,False,False,0.010000000000000009,0.28418850832832065
-0.004423170069536306,False,False,False,0.0040000000000000036,0.6676478946415711
-0.0037538322836501397,False,False,False,-0.0025000000000000022,0.7852119969086175
0.000502983519569142,False,False,False,0.0010000000000000009,0.9178392850084194
0.003848423537818264,False,False,False,0.006999999999999992,0.46836051062814843
0.012952885242449964,False,False,False,0.018500000000000003,0.05660072275254578
0.030727384318990667,True,True,True,0.02600000000000001,0.012607973111339661
-0.0067769364923086495,False,False,False,-0.012500000000000011,0.17194587657570526
-0.002205557511594182,False,False,False,0.0040000000000000036,0.6792448298242069
0.008092615677970913,True,True,False,0.019000000000000003,0.04903789013927486
0.0014593835050011046,False,False,False,0.0,1.0
0.0029004652183037124,False,False,False,0.006500000000000006,0.5047573926039642
-0.00048480211898640726,False,False,False,-0.006500000000000006,0.4898395101358216
0.005584104707735599,False,False,False,0.0030000000000000027,0.7491105230346291
-0.01351991808809217,False,False,False,-0.015000000000000013,0.10407498261791963
-0.014747703550360392,False,False,False,-0.027499999999999997,0.0032638142140448507
-0.02067721869453359,False,False,False,-0.019500000000000003,0.036982610644801184
0.0035410949508028057,False,False,False,0.014499999999999999,0.1285044253785173
-0.018217759817028764,False,False,False,-0.035500000000000004,0.000131239738372019
0.01311394886939705,False,False,False,0.018500000000000003,0.05245951349542082
0.01615168532158692,False,False,False,0.01050000000000001,0.29098425150145113
-0.0014590556746021765,False,False,False,0.006999999999999992,0.4585901483994945
-0.022582784051639614,False,False,False,-0.017999999999999988,0.05111734228588539
-0.0130990824950652,False,False,False,-0.0030000000000000027,0.7468569823809175
0.008452249359342363,False,False,False,0.0005000000000000004,0.9595763514423609
0.006477440301555186,False,False,False,0.0,1.0
-0.017812256404967794,False,False,False,-0.023500000000000007,0.007463228944190324
-0.016410887801580083,False,False,False,-0.026999999999999996,0.0032094753083144155
0.005501444415636096,False,False,False,-0.0010000000000000009,0.9185172936634564
0.0037269887238660466,False,False,False,-0.0050000000000000044,0.5956944901231432
-0.0034089172208234923,False,False,False,0.005500000000000005,0.5458555677523802
-0.014474563134641684,False,False,False,-0.013500000000000012,0.14302539541549833
-0.009599489923481915,False,False,False,-0.01200000000000001,0.19665313771151505
0.0169529469486758,True,True,True,0.025999999999999995,0.00886167151097822
-0.009563382315177069,False,False,False,-0.015,0.10736099433369597
-0.0209300141359473,False,False,False,-0.017,0.060957969369523135
-0.008191675323501098,False,False,False,-0.012999999999999998,0.16384826841596212
-0.005950292191941324,False,False,False,0.0,1.0
-0.010452175527954126,False,False,False,-0.019500000000000003,0.03741900577151277
-0.008276838816899732,False,False,False,-0.004500000000000004,0.6262275749588555
0.0034914343963446753,False,False,False,-0.013499999999999998,0.16240784261303798
0.021800984073844343,False,False,False,0.0155,0.11392139920773776
0.0072487426651245655,False,False,False,0.011499999999999996,0.22594822158895767
0.003240320835065419,False,False,False,-0.014500000000000013,0.14239477119754676
0.011069273102197323,False,False,False,-0.0025000000000000022,0.7950087572746732
0.004046341535321623,False,False,False,0.0015000000000000013,0.8730987108115029
0.0013165613098165302,False,False,False,-0.009000000000000008,0.33399348166065357
0.00978855108766066,False,False,False,0.017,0.08138308072929636
0.01451741334493663,True,True,True,0.022000000000000006,0.021238090410345405
-0.0049818411561338,False,False,False,-0.011999999999999997,0.17589529091668255
-0.02026606894181889,False,False,False,-0.019000000000000003,0.04139544139965153
0.0035836239535620607,False,False,False,0.007500000000000007,0.4234517219738112
-0.014888396433880399,False,False,False,-0.035,0.00011895546004064257
-0.02146062205664492,False,False,False,-0.011499999999999996,0.20551395583804766
-0.003940016585574388,False,False,False,-0.013999999999999999,0.14264644438964344
0.008105868648789438,True,True,False,0.020000000000000004,0.038278981951657506
-0.0034619357930797323,False,False,False,0.000999999999999987,0.9166021425914054
-0.027325564224367258,False,False,False,-0.026499999999999996,0.0034493834388103477
0.002278480410287307,False,False,False,0.0025000000000000022,0.7900804016448612
0.0009802460324081865,False,False,False,0.01100000000000001,0.266252039579703
-0.006563415738339514,False,False,False,0.0015000000000000013,0.8722273916411697
-0.0016438551611581685,False,False,False,0.0015000000000000013,0.873384504811358
-0.011917773946807287,False,False,False,-0.0050000000000000044,0.5786998503128102
0.01745128708325579,True,True,True,0.021500000000000005,0.03224702558859929
-0.00155891591950013,False,False,False,0.005500000000000005,0.5572073062521403
-0.005131264233323245,False,False,False,-0.018000000000000002,0.05444475743433394
-0.006164281124450192,False,False,False,-0.008999999999999994,0.33733849441669117
-0.002394629722131306,False,False,False,-0.0020000000000000018,0.8315433163374761
0.010509800524562239,False,False,False,0.007000000000000006,0.47482910640975995
0.024339877150309927,False,False,False,0.0165,0.1067580620762484
0.003390720067882225,False,False,False,0.007000000000000006,0.4544947515858221
-0.008085016012369838,False,False,False,-0.006499999999999992,0.49467649952114123
0.0022773054291803717,False,False,False,-0.009499999999999995,0.3117371938586546
-0.011961918258190232,False,False,False,-0.0165,0.07481457540730392
0.003723601669895091,False,False,False,-0.0030000000000000027,0.7468569823809175
0.004028736790008136,False,False,False,0.0050000000000000044,0.6111819474481703
0.005938674838014683,False,False,False,0.008999999999999994,0.35319877676711364
0.008026052962952843,False,False,False,0.016499999999999987,0.09506456792701799
0.003970224200196225,False,False,False,-0.007999999999999993,0.40524475839802765
0.006629107128462897,False,False,False,0.01100000000000001,0.23327372489721288
-0.014205830860459939,False,False,False,-0.0020000000000000018,0.8307826494647028
0.007833594899703143,False,False,False,0.001999999999999988,0.8337543890232703
0.01628969706653231,False,False,False,0.012500000000000011,0.2032821828791016
-0.0001264681337827788,False,False,False,0.003500000000000003,0.710635658703264
0.0060864329927491625,False,False,False,0.0005000000000000004,0.9597373524444497
0.015894800037471662,True,True,True,0.023000000000000007,0.02210608065657049
-0.005911716850397834,False,False,False,-0.006000000000000005,0.5243055455829027
0.011615205984323989,False,False,False,0.014499999999999999,0.12934024464878627
-0.003246777859280744,False,False,False,-0.019000000000000003,0.046637154188759286
-0.007804296395741277,False,False,False,-0.0155,0.10038062911613006
0.013805662387723577,False,False,False,-0.0020000000000000018,0.8372197614397567
0.0019702542776882373,False,False,False,-0.007499999999999993,0.4297072325690484
0.008700530621931503,False,False,False,0.012499999999999997,0.1841754976831198
0.003804646199179655,False,False,False,0.011999999999999997,0.2167269136261588
-0.0009671214859040027,False,False,False,-0.011499999999999996,0.23002427791991342
-0.005465373545204958,False,False,False,0.0025000000000000022,0.7841894667163084
0.0039539091742020974,False,False,False,-0.0030000000000000027,0.7496628604927678
0.004999724479327072,True,True,False,0.0175,0.04869368106987201
0.013390856638273534,False,False,False,0.010499999999999995,0.29380846193893473
-0.004822656273420323,False,False,False,-0.017,0.06930410783980184
0.007691258834296987,True,True,True,0.021000000000000005,0.024511802816893156
-0.002903963720174483,False,False,False,-0.0005000000000000004,0.958469594481381
-0.008343447608824925,False,False,False,-0.013999999999999999,0.13107448075849776
-0.0045639495887845,False,False,False,-0.008999999999999994,0.35116359490471205
0.005642004440130005,False,False,False,0.010999999999999996,0.2534745035757512
0.003875222244535821,False,False,False,0.005499999999999991,0.5625162963257868
-0.0022392741658092082,False,False,False,-0.008999999999999994,0.34062385204808154
0.0020640077661588717,True,True,False,0.020000000000000004,0.03704979153960326
-0.015194310856403388,False,False,False,-0.013499999999999998,0.13429616845078748
-0.0012049738918080883,False,False,False,-0.014499999999999999,0.14079598787439546
0.02736230500154926,True,True,True,0.035500000000000004,0.000417222670809909
0.002890371710404218,False,False,False,0.013999999999999999,0.16118565660332507
-0.011592670559183423,False,False,False,0.0010000000000000009,0.9147130132501594
-0.007694971334901485,False,False,False,-0.012499999999999997,0.16346108510364632
0.008020685763711548,False,False,False,-0.0005000000000000004,0.9591633721163444
0.003410984812610398,False,False,False,0.003500000000000003,0.7061543116138362
-0.0001232783176369288,False,False,False,0.001999999999999988,0.8341129363286108
0.017823241812544896,False,False,False,0.016,0.1044701165248463
-0.012916438141449587,False,False,False,-0.0030000000000000027,0.7457029069936068
0.00582339599467009,False,False,False,0.010000000000000009,0.28194747035123424
-0.004302235169076424,False,False,False,-0.019000000000000003,0.05820398455237316
-0.002622087954804007,False,False,False,0.0015000000000000013,0.8730987108115029
-0.008780265713200282,False,False,False,0.0040000000000000036,0.6631800982795544
-0.01643920252625463,False,False,False,-0.026499999999999996,0.0034493834388103477
-6.087637338223563e-05,False,False,False,-0.004500000000000004,0.6245742124265115
0.00990436945245928,False,False,False,-0.008000000000000007,0.4140793740609138
-0.0023285424548637767,False,False,False,0.005500000000000005,0.5497542035528848
-0.024548771977215566,False,False,False,-0.02800000000000001,0.0016797708257119287
0.003675913382808962,False,False,False,0.0050000000000000044,0.6060086207726978
-0.0033329180275358723,False,False,False,0.006499999999999992,0.49656530965707946
-0.014868367424344315,False,False,False,-0.0165,0.07275166581314946
0.004233593839534318,False,False,False,0.014000000000000012,0.12925395904809217
0.011458176539488567,False,False,False,0.011999999999999997,0.2089067658155036
-0.002681725820433345,False,False,False,0.0020000000000000018,0.8303977134094517
-0.01948095275643729,False,False,False,-0.025999999999999995,0.003974295859689122
0.01107838542776817,False,False,False,0.006500000000000006,0.5108017185891887
0.02421707105785602,True,True,True,0.022999999999999993,0.02134651091771762
-0.007136025567919602,False,False,False,-0.005499999999999991,0.5633790310498501
0.008340418880773725,False,False,False,0.011999999999999997,0.21768542569254035
-0.018613158640702385,False,False,False,-0.018000000000000002,0.04396447470396243
-0.0067412289377776135,False,False,False,-0.007000000000000006,0.43923098452244735
-0.013723387066033996,False,False,False,-0.011999999999999997,0.1747549152731236
-0.0028169769355813217,False,False,False,0.012499999999999997,0.1900716117355581
-0.005027596130545522,False,False,False,-0.00399999999999999,0.6501416133396813
-0.008091694888437613,False,False,False,-0.018000000000000002,0.05555583330511182
-0.006107954545788051,False,False,False,-0.014499999999999999,0.12087880596361275
-0.0006870576557327055,False,False,False,-0.00449999999999999,0.64002654441596
-0.012540870643516585,False,False,False,-0.025499999999999995,0.006016084472816595
-0.006582047080278054,False,False,False,-0.019000000000000003,0.0447236721600222
0.004130445354239105,False,False,False,0.0050000000000000044,0.591458995148737
0.002171641542585047,False,False,False,0.008999999999999994,0.34062385204808154
4.9278477145595365e-05,False,False,False,0.0030000000000000027,0.751829634045849
-0.00807659381267591,False,False,False,0.0,1.0
0.0005174367480931817,False,False,False,0.0040000000000000036,0.6712145210969884
0.00037316237037379437,False,False,False,0.003500000000000003,0.7112561884757587
0.0015233171737512007,False,False,False,0.006999999999999992,0.4645298984523565
-0.004944501905547432,False,False,False,-0.011499999999999996,0.2228410564334592
0.0016580626363959445,False,False,False,0.00449999999999999,0.6385828234588462
0.015157142766909952,False,False,False,0.009499999999999995,0.3477196668121699
0.029003608235411118,False,False,False,0.008499999999999994,0.39813416044346206
0.004342394282519682,False,False,False,0.006999999999999992,0.4654970143810183
-0.016869527484218782,False,False,False,-0.020500000000000004,0.022978676714376808
-0.007758120500917025,False,False,False,-0.0004999999999999866,0.958289414048563
-0.0019381762910305137,False,False,False,-0.0049999999999999906,0.601367922858573
0.002801251044068652,False,False,False,0.012999999999999998,0.1808252998673715
-0.0013841063749602213,False,False,False,0.0010000000000000009,0.9160510722818963
0.006407757571721938,False,False,False,0.016,0.09528159212579904
-0.002578745216645502,False,False,False,-0.0005000000000000004,0.9565315039529474
-0.007297980568957048,False,False,False,-0.0049999999999999906,0.6005749777873493
-0.021462622682630352,False,False,False,-0.020500000000000004,0.017658425083868588
0.017345366424216274,False,False,False,0.0025000000000000022,0.801489240893381
-0.007589928432794231,False,False,False,0.0,1.0
0.0009822449320279758,False,False,False,-0.0165,0.06861363811449621
-0.006102311422233042,False,False,False,-0.0025000000000000022,0.7914664744241605
0.020994553773625906,True,True,True,0.022000000000000006,0.02798736807584587
-0.0073918660543975815,False,False,False,-0.009499999999999995,0.31610082181212096
-0.01017234417699608,False,False,False,-0.014499999999999999,0.11307214826500517
-0.003171853250708749,False,False,False,-0.00449999999999999,0.6393073002556661
0.006997006988589752,False,False,False,-0.017,0.07885836641040345
-0.0015450287481034084,False,False,False,-0.0005000000000000004,0.9583798533972222
0.01134549182632247,False,False,False,0.011499999999999996,0.23203412538774582
0.010596131518509362,False,False,False,0.015,0.1256755531487736
0.017249629891470285,True,True,False,0.019500000000000003,0.04404558941762569
0.0036883393428296276,False,False,False,-0.010499999999999995,0.2741490679214026
-0.02498251383856909,False,False,False,-0.0295,0.0008095234570505569
-0.010110329437197571,False,False,False,-0.019500000000000003,0.029295572732543268
-0.01139641083921549,False,False,False,-0.010999999999999996,0.22648773321157045
-0.00974641811130953,False,False,False,-0.0335,0.00022610720055891975
0.012305040162163876,False,False,False,0.006500000000000006,0.5073814817240189
-0.014667686733412726,False,False,False,-0.018000000000000002,0.048354694591158445
-0.01857747986854235,False,False,False,-0.02500000000000001,0.00526066197956004
-0.00747490800867141,False,False,False,0.006500000000000006,0.4785810806801365
-0.0145788200435775,False,False,False,-0.027499999999999997,0.0031927078317037553
0.01086553431327621,False,False,False,0.008000000000000007,0.3893681229510114
-0.011960759524959702,False,False,False,-0.009999999999999995,0.25555797870566765
-0.019332722346930342,False,False,False,-0.026499999999999996,0.0037810501585106536
-0.007593742606778613,False,False,False,-0.010000000000000009,0.2808175953087627
0.004936181890197467,False,False,False,-0.005500000000000005,0.5572073062521403
0.005676857785488027,False,False,False,0.012999999999999998,0.1539149627854131
0.005262334894234623,False,False,False,-0.0010000000000000009,0.9162362051617894
0.013209450095622204,False,False,False,0.01150000000000001,0.24465581531169633
0.010857195665289374,True,True,True,0.03,0.002942093070459276
0.00499482906681798,False,False,False,-0.0025000000000000022,0.7962825667149795
0.021799688898183428,True,True,True,0.024000000000000007,0.01736064489573903
-0.004498437412032127,False,False,False,-0.020000000000000004,0.03461030516165305
-0.0047065589629391325,False,False,False,-0.021999999999999992,0.01766023024372951
0.00010826539986292185,False,False,False,0.016,0.08295856537338424
-0.0008993908355088202,False,False,False,-0.009499999999999995,0.31610082181212096
-0.006156082835810408,False,False,False,0.004500000000000004,0.6245742124265115
0.004012405759045255,False,False,False,-0.004500000000000004,0.6341226562236034
0.00741725269746176,False,False,False,-0.012499999999999997,0.1910404069414211
0.012220581952820438,False,False,False,0.013999999999999999,0.16118565660332507
-0.0011517772439525351,False,False,False,-0.005499999999999991,0.5667693734167292
0.008000196556028233,False,False,False,-0.0050000000000000044,0.6082564880696698
0.001291155933652472,False,False,False,0.007500000000000007,0.41914079667363957
-0.0036370034253026184,False,False,False,-0.00399999999999999,0.6739714271450239
0.0012062579242991356,False,False,False,-0.002999999999999989,0.7350802223797996
-0.009897834085510688,False,False,False,-0.024500000000000008,0.009244013047021413
0.013048780843862998,True,True,False,0.01999999999999999,0.04116743130759221
0.0016601178824234258,False,False,False,0.017,0.07632275347756788
-0.004946377006307277,False,False,False,-0.0305,0.0012248816635736788
-0.009616938726455054,False,False,False,0.0,1.0
-0.0010275994355480606,False,False,False,0.006500000000000006,0.48685562261297777
-0.012900444833742862,False,False,False,0.006999999999999992,0.46059661870477175
-0.012139335221633471,False,False,False,-0.016,0.09884204389649903
-0.0013271669007348743,False,False,False,-0.0049999999999999906,0.6029368547399571
0.00893099118561365,False,False,False,0.005499999999999991,0.5642356390540081
0.01741804033501811,True,True,False,0.02049999999999999,0.03924147440738063
-0.011052273826820171,False,False,False,-0.013500000000000012,0.14302539541549833
0.008586366794160794,False,False,False,0.019000000000000003,0.05820398455237316
-0.0074708484844524334,False,False,False,-0.008499999999999994,0.33832952140536365
-0.02364475129764176,False,False,False,-0.044,1.478587543211835e-06
0.006281781043787853,False,False,False,0.010000000000000009,0.30827925772788134
0.006295070353391512,False,False,False,-0.0014999999999999875,0.8753229498590684
-0.004855542656043948,False,False,False,-0.021000000000000005,0.026181355709772102
-0.001202199192332263,False,False,False,-0.0010000000000000009,0.912232093043372
0.0008720714069315117,False,False,False,-0.003500000000000003,0.7034798810499949
-0.007833423092230573,False,False,False,-0.017999999999999988,0.05001092243670712
0.012683528369554959,False,False,False,0.010999999999999996,0.2728083998051042
0.0034080817443750424,False,False,False,-0.0005000000000000004,0.958908117262127
0.005458276815578783,True,True,True,0.024499999999999994,0.012464968274094386
0.00896506309960914,True,True,True,0.024499999999999994,0.012286172223608475
-0.00393242794080323,False,False,False,-0.013999999999999999,0.13736217370590917
0.0016801884655224808,False,False,False,0.009499999999999995,0.3106305508349563
0.002202204049861948,False,False,False,-0.009999999999999995,0.29817098693877897
0.01030413442926549,True,True,True,0.04200000000000001,2.357579869577392e-05
-0.014762314094472144,False,False,False,-0.0295,0.0016823797910741631
-0.009331870040291398,False,False,False,-0.0050000000000000044,0.606763142404378
-0.004560878451922585,False,False,False,-0.01050000000000001,0.24888712688813708
-0.011557128790538178,False,False,False,0.009500000000000008,0.3061394693471896
0.005254029001548774,False,False,False,-0.0025000000000000022,0.7971160774509747
-0.004145575089911312,False,False,False,-0.0030000000000000027,0.7451188382703464
-0.011200177968142672,False,False,False,-0.010999999999999996,0.20983385205851168
0.003954078533106866,False,False,False,0.008500000000000008,0.3494084470263845
-0.018592358661643032,False,False,False,-0.011499999999999996,0.19867420237355704
0.006314060020521189,False,False,False,0.007999999999999993,0.40423253020069794
-0.002985851329973692,False,False,False,-0.0050000000000000044,0.5861604072065848
-0.0038069916033200324,False,False,False,0.010499999999999995,0.2822524055568021
-0.011069260335993234,False,False,False,0.0010000000000000009,0.9130870902272716
-0.017107009392349222,False,False,False,-0.016,0.077803280953257
0.0110010009698484,False,False,False,0.016,0.1044701165248463
-0.005602799628418121,False,False,False,-0.0165,0.08165044620972418
-0.006499210682683346,False,False,False,0.00449999999999999,0.64002654441596
-0.0001444408749535929,True,True,True,0.02500000000000001,0.009449668770161236
-0.0022336623919442383,False,False,False,0.006499999999999992,0.4927616916888786
-0.011237308743826741,False,False,False,-0.01949999999999999,0.03395233131129472
-0.007598949392064044,False,False,False,-0.004500000000000004,0.6286598378555377
-0.003790158022885564,False,False,False,0.0,1.0
0.00993717138701969,False,False,False,0.007499999999999993,0.4396067911822219
0.0012129736095794262,False,False,False,0.0040000000000000036,0.6726033872393302
-0.00805388444462165,False,False,False,0.016,0.07484139456468558
0.0032798961364514795,False,False,False,-0.003500000000000003,0.710635658703264
-0.0012274035386453052,False,False,False,-0.022500000000000006,0.017078370851634835
0.009155674657391026,False,False,False,0.010499999999999995,0.26784912131524796
0.011809986134981028,False,False,False,0.0175,0.07074235429018207
-0.008497804200253234,False,False,False,-0.0025000000000000022,0.7847028659382104
0.0015941432257476947,False,False,False,0.001999999999999988,0.8341129363286108
-0.021528465865556436,False,False,False,-0.0315,0.0003877627090790469
0.004051119744350614,True,True,True,0.022000000000000006,0.01873929806304644
-0.005882684558628622,False,False,False,-0.027499999999999997,0.0034085577921480884
0.020198622331652323,False,False,False,0.009999999999999995,0.3260862336035092
0.016623530108788327,False,False,False,0.010499999999999995,0.2657051894359358
0.006114817114770337,True,True,False,0.02049999999999999,0.03616831075106102
0.0011262378498762035,False,False,False,0.010000000000000009,0.28418850832832065
-0.012368514909152679,False,False,False,-0.01200000000000001,0.19560276996533477
-0.007188256892138868,False,False,False,-0.014499999999999999,0.1259831108226416
-0.013386663421141346,False,False,False,-0.007999999999999993,0.39696622278344296
0.015409487133898392,False,False,False,0.005500000000000005,0.5794311819061839
-0.0015427684149700355,False,False,False,-0.006000000000000005,0.5115222225267417
0.012177511110758817,False,False,False,0.009999999999999995,0.30023600772340175
-0.008936004245536809,False,False,False,-0.024500000000000008,0.01072189852648185
-0.010733651103804807,False,False,False,-0.010499999999999995,0.2417752752937563
-0.0021094111487690633,False,False,False,-0.00399999999999999,0.6766469601732369
0.002056167206458841,False,False,False,0.0025000000000000022,0.7910080780871235
-0.004127681285880458,False,False,False,-0.007500000000000007,0.41914079667363957
0.00218715325961461,False,False,False,0.007500000000000007,0.44151227628924516
0.009005257790443843,True,True,False,0.019500000000000003,0.04049446254291107
-0.0031860593005078185,False,False,False,0.0005000000000000004,0.9575396960376783
-0.007334776024183,False,False,False,-0.013499999999999998,0.15427019284648658
-0.002195052190587558,False,False,False,0.010999999999999996,0.24729879722850412
-0.006927656192402229,False,False,False,-0.006500000000000006,0.47205227801514804
0.006479015442479069,False,False,False,-0.020500000000000004,0.032757664090814445
0.01347690031826164,True,True,True,0.025499999999999995,0.008735686319021229
-0.01716213241342439,False,False,False,-0.013499999999999998,0.1362577391743948
-0.005997712447488388,False,False,False,-0.013999999999999999,0.1417725115172398
0.008196317514266827,False,False,False,0.009000000000000008,0.3630327120379907
-0.007943303120300864,False,False,False,-0.005500000000000005,0.5497542035528848
-0.012436983393281028,False,False,False,-0.021000000000000005,0.02719588652249867
-0.004660218528743975,False,False,False,-0.0025000000000000022,0.7967008672460052
0.011769887381953644,False,False,False,0.007500000000000007,0.4424560981126593
0.0035622829748430448,False,False,False,0.0049999999999999906,0.601367922858573
-0.004588939596169367,False,False,False,-0.021500000000000005,0.02358728903744761
-0.0008145883093238631,False,False,False,0.004500000000000004,0.6442353598266445
0.00037687310856938504,False,False,False,0.0005000000000000004,0.9587347120843925
-0.01044555807925116,False,False,False,-0.006500000000000006,0.48785723218010657
-0.0010630733732019495,False,False,False,-0.014499999999999999,0.13100491724686816
-0.0017591662230642955,False,False,False,0.010999999999999996,0.24625169969252714
0.01696744663633899,False,False,False,0.015,0.140739858433509
-0.021373737902040443,False,False,False,-0.021500000000000005,0.01793947501229336
0.006851889971560969,False,False,False,0.008999999999999994,0.33953526508870124
-0.008033869168167706,False,False,False,-0.013999999999999999,0.1364719926273696
-0.004282371499859033,False,False,False,-0.004500000000000004,0.6333598193229517
0.0020730992318998558,False,False,False,0.0005000000000000004,0.9586470155732628
-0.013637848149371192,False,False,False,-0.0015000000000000013,0.8704192674821662
0.02054145767047344,True,True,True,0.026999999999999996,0.005642837839511448
-0.005399184377201001,False,False,False,-0.008999999999999994,0.35420760274751595
-0.0062404808356777775,False,False,False,-0.015,0.10489910951732034
-0.007708726202709807,False,False,False,0.006500000000000006,0.4858469306759241
-0.002789237817440306,False,False,False,-0.0040000000000000036,0.6568778461626992
-0.008683226315667144,False,False,False,-0.013999999999999999,0.12186687808275146
-0.002986481178586242,False,False,False,-0.004500000000000004,0.6237377368853438
0.0022281788722419323,False,False,False,0.008499999999999994,0.3749843981756056
-0.00833313608478293,False,False,False,-0.01200000000000001,0.1945478172685844
-0.006981812003563357,False,False,False,-0.017,0.0769576130014151
-0.004133478434388247,False,False,False,-0.009499999999999995,0.323502559104359
-0.0009629360097528152,False,False,False,0.001999999999999988,0.8348217992638057
-1.7811875078758295e-05,False,False,False,0.0020000000000000018,0.8303977134094517
0.0011301188808721264,False,False,False,0.011499999999999996,0.22388160313259764
0.015267042603974055,False,False,False,0.0165,0.09307841837078343
0.0027973296922388096,False,False,False,-0.0010000000000000009,0.9185172936634564
-0.002860179350755268,False,False,False,-0.021500000000000005,0.0245180373165813
-0.00566631182411428,False,False,False,-0.0059999999999999915,0.5342335664292999
-0.009941275342858321,False,False,False,0.0010000000000000009,0.9113469788361354
-0.008989308085615348,False,False,False,-0.010000000000000009,0.2796814195054368
-0.010260795897447559,False,False,False,-0.024499999999999994,0.0067157702532272875
-0.0010878103500235633,True,True,True,0.023500000000000007,0.014175722770022093
0.01589213570472358,True,True,True,0.021500000000000005,0.02704286924881114
-0.0065235960111764,False,False,False,0.0025000000000000022,0.7914664744241605
-0.009885631518064205,False,False,False,-0.005500000000000005,0.5468414568733495
-0.0026690490506051582,False,False,False,-0.0165,0.08907709869933847
0.0012931658090166898,False,False,False,0.003500000000000003,0.7081049907375551
0.004155574842472986,False,False,False,0.0155,0.1034338576407573
0.007951855234902987,False,False,False,0.007999999999999993,0.40524475839802765
-0.004312701954935627,False,False,False,-0.010999999999999996,0.23985933852052788
-0.0027442032885642144,False,False,False,-0.0030000000000000027,0.7427342557646588
-0.0034396892809453144,False,False,False,0.0040000000000000036,0.6639395578739327
-0.004165291417405809,False,False,False,-0.013000000000000012,0.15593066788585122
0.01539494521978062,False,False,False,0.0040000000000000036,0.6860161473503898
-0.0014408330140201439,False,False,False,0.010000000000000009,0.2715476847727746
0.005866850892722812,False,False,False,0.0005000000000000004,0.9567399046559679
0.006953760295061394,False,False,False,-0.003500000000000003,0.7021099344881844
-0.002909407867378995,False,False,False,-0.006499999999999992,0.49750013539272375
-0.014182911602070096,False,False,False,-0.004500000000000004,0.6237377368853438
-0.013581318195439838,False,False,False,-0.013500000000000012,0.14397971336624846
-0.021188425740633555,False,False,False,-0.02700000000000001,0.0024497139300862164
0.006016997214840301,False,False,False,0.016,0.09670958432975355
0.013309220548333047,False,False,False,0.0020000000000000018,0.8398122304351946
0.0026362391440428435,False,False,False,0.0005000000000000004,0.9568427978396384
-0.0036624410947885956,False,False,False,-0.011499999999999996,0.22697434476565614
-0.013855195616167354,False,False,False,-0.022500000000000006,0.01147602591034712
0.01586763580391144,False,False,False,0.012499999999999997,0.19296621547032855
-0.008384413263291474,False,False,False,0.0050000000000000044,0.5870605291405728
0.0006989058996774979,False,False,False,0.008999999999999994,0.33844016488369644
-0.0007124925153770027,False,False,False,-0.0025000000000000022,0.7881802196993312
-0.0023629198966002712,False,False,False,-0.013499999999999998,0.16682001380673395
-0.020931054935442193,False,False,False,-0.0165,0.06238893797082352
-0.014654188868612021,False,False,False,-0.013999999999999999,0.11905420508472654
-0.01005499511793935,False,False,False,-0.011999999999999997,0.20790994304476507
0.0041865914353166195,False,False,False,-0.0020000000000000018,0.8388577169068175
-0.014208061977214057,False,False,False,-0.024000000000000007,0.007845644082030036
-0.0020175149112806002,False,False,False,0.0030000000000000027,0.7496628604927678
-0.008880454671174527,False,False,False,-0.004500000000000004,0.6286598378555377
-0.0002134796940895345,False,False,False,-0.012500000000000011,0.20692017782875194
-0.006806761488043465,False,False,False,-0.013999999999999999,0.15292152685517874
-0.009580224777425738,False,False,False,-0.0165,0.07755709780263408
-0.0006746547086963647,False,False,False,-0.006000000000000005,0.5359591416925424
0.0015856159875047412,False,False,False,-0.0020000000000000018,0.8300096564226612
0.0007765236790518382,False,False,False,-0.004500000000000004,0.6502252632924606
0.0016342282690965854,False,False,False,-0.0010000000000000009,0.9139135694463486
-0.007818165067396812,False,False,False,-0.0040000000000000036,0.6560604949641052
0.006670910277213654,False,False,False,0.0020000000000000018,0.8330288937195212
0.0009245536310512465,False,False,False,-0.0175,0.058814801069710175
0.003962209936103384,False,False,False,0.008500000000000008,0.3632113883909055
-0.009192874398750139,False,False,False,-0.0050000000000000044,0.5815529893715492
0.004414057454320071,False,False,False,0.012999999999999998,0.17991202422094577
0.0030570946478236344,False,False,False,0.0165,0.09174885189115974
-0.008477728267378642,False,False,False,-0.007999999999999993,0.3681366299139506
-0.009738475370424618,False,False,False,-0.008999999999999994,0.3501371397390741
0.006295456285250251,False,False,False,-0.003500000000000003,0.7166343647424884
-0.003052450436180367,False,False,False,0.0015000000000000013,0.8745052224252474
0.003123761643048934,False,False,False,0.003500000000000003,0.7061543116138362
0.006294928858752229,False,False,False,0.002999999999999989,0.7534114399404639
-0.016277441019564902,False,False,False,-0.015,0.11783841724873008
-0.02308550418782007,False,False,False,-0.026499999999999996,0.0034493834388103477
0.0065298372724495665,False,False,False,0.0,1.0
-0.0023903862378345502,False,False,False,-0.018500000000000003,0.04679058271538838
0.0013015368448325527,False,False,False,-0.0010000000000000009,0.9145156098646383
-0.012361471521138272,False,False,False,-0.015,0.10654213232956984
-0.02212798056430495,False,False,False,-0.023500000000000007,0.008117909720219103
0.0037896430522125183,False,False,False,0.0049999999999999906,0.5989718084282847
0.014368748048146427,False,False,False,0.0155,0.1034338576407573
-0.01201565343513484,False,False,False,-0.023999999999999994,0.009987256749285005
0.008656014148975323,False,False,False,0.0050000000000000044,0.6082564880696698
0.015092465637785265,False,False,False,0.0010000000000000009,0.9194974071638644
-0.014596587493984587,False,False,False,-0.027999999999999997,0.0027736460652656417
0.003547923376759674,False,False,False,-0.015,0.09742168927634338
0.0023923806466328284,False,False,False,-0.0165,0.08638932694980324
0.020144849580068406,False,False,False,0.0165,0.08974657789132458
-0.018171792348292623,False,False,False,-0.0345,0.00018846293943102806
-0.004061711707509823,False,False,False,-0.008000000000000007,0.4121579259509588
-0.006950685905706791,False,False,False,-0.007499999999999993,0.40428935826520684
-0.006468533818247547,False,False,False,-0.008999999999999994,0.33953526508870124
-0.005347615095799947,False,False,False,-0.0015000000000000013,0.8704192674821662
-0.0006566214261931427,False,False,False,0.011499999999999996,0.22388160313259764
-0.011047610818445082,False,False,False,-0.022999999999999993,0.01206127824895323
0.010571452467690345,False,False,False,0.007000000000000006,0.47116854082445314
0.004437554997404162,False,False,False,-0.005500000000000005,0.5572073062521403
-0.01578792727849878,False,False,False,-0.012499999999999997,0.15911752329845485
0.00946042049356478,False,False,False,0.009499999999999995,0.3255643858834236
0.0015532570575581591,False,False,False,-0.006000000000000005,0.5205002066011168
0.014021073448662862,True,True,True,0.03399999999999999,0.00037042833617353986
-0.02009825901472928,False,False,False,-0.011999999999999997,0.1747549152731236
0.007440915041336249,False,False,False,0.018500000000000003,0.05660072275254578
0.004875000193106135,False,False,False,0.011999999999999997,0.20489326201133184
-0.005450539320149458,False,False,False,-0.02049999999999999,0.025788100126831075
0.007194387547458054,False,False,False,0.007999999999999993,0.40524475839802765
0.0004065684429462093,False,False,False,0.00449999999999999,0.6385828234588462
-0.006515934006498415,False,False,False,0.0010000000000000009,0.9151030309626705
-0.0016701562593833266,False,False,False,0.007500000000000007,0.4213107008997604
0.005206863034701291,False,False,False,-0.004500000000000004,0.641449569585644
-0.002292390610062435,False,False,False,-0.0175,0.06180247338605801
-0.007682296103355959,False,False,False,-0.010000000000000009,0.2762346053397612
0.007090691477286942,False,False,False,0.009999999999999995,0.3022790224381463
-0.00962037572806909,False,False,False,-0.024999999999999994,0.007419734276698696
-0.005812584579817886,False,False,False,-0.008000000000000007,0.39047474286388784
0.0017692818365074839,False,False,False,0.008999999999999994,0.3552106507115922
0.01786712407779042,True,True,True,0.035,0.0005608718375115679
-0.00042527260823129023,False,False,False,0.0155,0.09807517928242179
0.011509420373088813,False,False,False,0.0024999999999999883,0.7941434178083577
0.00917397298434923,False,False,False,0.007500000000000007,0.424511583994463
-0.007810288261676956,False,False,False,-0.012999999999999998,0.16675776763634953
0.007647691122864239,False,False,False,0.0020000000000000018,0.8365474506741262
0.03081624649846277,True,True,True,0.023000000000000007,0.02236080451697609
0.009530971246894232,False,False,False,0.002999999999999989,0.7534114399404639
0.007234261985674062,False,False,False,-0.011499999999999996,0.23002427791991342
-0.0016577806324746462,False,False,False,-0.0030000000000000027,0.7445300013616011
-0.0076400335804147936,False,False,False,-0.003500000000000003,0.7048278219184175
0.011827678769788595,False,False,False,0.008500000000000008,0.39264597165696913
0.00011821112430116207,False,False,False,-0.0020000000000000018,0.8326618763520991
0.017790025732014433,True,True,False,0.02049999999999999,0.03616831075106102
0.004263244517381078,False,False,False,0.009000000000000008,0.36207419309716393
0.013199900755827753,True,True,True,0.023500000000000007,0.013966878622290032
0.012126404238999227,False,False,False,0.018500000000000003,0.05763678918353842
-0.009146928035069276,False,False,False,-0.010999999999999996,0.23877534737481543
0.0014097491882453356,False,False,False,0.003500000000000003,0.7061543116138362
0.008672323588766427,False,False,False,-0.0030000000000000027,0.7512942231499874
0.005931141497110642,False,False,False,-0.003500000000000003,0.704156567073697
-0.008074036906038634,False,False,False,-0.009999999999999995,0.26916425146769285
-0.00479208360286305,False,False,False,0.014499999999999999,0.10509410776468195
-0.00560949381309651,False,False,False,0.0040000000000000036,0.6624145320921838
-0.00697587490295613,False,False,False,-0.015,0.10076146352157139
-0.01792687971994877,False,False,False,-0.024999999999999994,0.006617516174542754
0.024261304375659702,True,True,True,0.025499999999999995,0.010483410231022814
-0.012919644424489464,False,False,False,-0.01100000000000001,0.22990622627241064
-0.010249661947867191,False,False,False,0.0020000000000000018,0.8250941085686814
-0.003067392823851949,False,False,False,0.0040000000000000036,0.6654404626876487
0.020287818670180584,True,True,True,0.024999999999999994,0.011186771210520965
-0.009562188682493608,False,False,False,-0.014499999999999999,0.11307214826500517
0.0055919574743907505,False,False,False,-0.0025000000000000022,0.7967008672460052
0.0019430412153240725,False,False,False,0.003500000000000003,0.705493714272623
0.003759864125241243,False,False,False,0.004500000000000004,0.6318168582310262
-0.009467578972930173,False,False,False,-0.023500000000000007,0.012939725201917175
0.011352238921988332,False,False,False,0.015,0.1264482521342391
-0.0010216340351759865,False,False,False,0.0025000000000000022,0.7867143360626924
0.011763788651416567,False,False,False,0.011499999999999996,0.23402545747340087
0.014759145358440898,False,False,False,0.015,0.1264482521342391
0.006901868976052915,False,False,False,0.0010000000000000009,0.9185172936634564
-0.018812546457247416,False,False,False,-0.007999999999999993,0.3630533805267804
0.0047577738043333645,False,False,False,-0.0020000000000000018,0.832291965252039
-0.00292726273974945,False,False,False,-0.004500000000000004,0.6325912427141533
-0.005638528112781013,False,False,False,-0.0020000000000000018,0.8303977134094517
0.015420672010759313,True,True,True,0.021999999999999992,0.027082475277774364
0.00907738520314951,False,False,False,0.006499999999999992,0.4927616916888786
0.0011272994448815784,False,False,False,0.009999999999999995,0.287503988067801
-0.01315859270979585,False,False,False,-0.0005000000000000004,0.9571463857202747
0.0033275189223766705,False,False,False,-0.013000000000000012,0.15793182436171405
0.00030046453148091073,False,False,False,-0.011499999999999996,0.2217956504349583
0.0026342075569585283,False,False,False,0.008500000000000008,0.38404945008117475
0.01281134144750491,True,True,True,0.027999999999999997,0.004905975682463065
0.00012006196590790044,False,False,False,0.008499999999999994,0.36541182435528785
0.007017390440792486,False,False,False,-0.012999999999999998,0.17342143194000104
0.02692147495417338,True,True,False,0.021000000000000005,0.0388214301094101
0.004018410713708078,False,False,False,-0.0175,0.0725213411476786
0.007824638044603321,False,False,False,0.013999999999999999,0.13557911600869493
-0.0013887666196924753,False,False,False,-0.01100000000000001,0.2321568356374546
0.005761512083110471,False,False,False,0.0,1.0
-0.018255414504218824,False,False,False,-0.0325,0.00031240853993703917
0.007100454894616498,False,False,False,0.0,1.0
-0.005107623884722713,False,False,False,-0.006999999999999992,0.45757671368100106
-0.01604933309044211,False,False,False,-0.021500000000000005,0.014639598809520274
0.017671309971866018,False,False,False,0.01899999999999999,0.05337546572009931
0.0034904366029035933,False,False,False,-0.007500000000000007,0.4461732122531512
-0.002615806287226648,False,False,False,0.0005000000000000004,0.958106405961743
0.009683146019373487,False,False,False,-0.0020000000000000018,0.8394963521645622
-0.017312835905115655,False,False,False,-0.006000000000000005,0.5115222225267417
-0.0013075965211399659,False,False,False,0.009000000000000008,0.3328649471042784
0.015502694307812138,False,False,False,0.005500000000000005,0.5823899700368871
0.004032212443073363,False,False,False,0.006999999999999992,0.4654970143810183
0.012530442982176718,False,False,False,0.004500000000000004,0.6515068127190624
0.004339801073627724,False,False,False,0.0020000000000000018,0.8351721807920515
-0.019268637056388555,False,False,False,-0.023500000000000007,0.007951877143816533
-0.00885502342736941,False,False,False,-0.0175,0.058814801069710175
0.00018616918625420116,False,False,False,0.013999999999999999,0.14783294719613146
0.0065070188093157245,False,False,False,0.0020000000000000018,0.8303977134094517
-0.0017985154373091623,False,False,False,-0.00399999999999999,0.6746477900513189
0.0029918493252742507,False,False,False,0.004500000000000004,0.6318168582310262
-0.02076635483048646,False,False,False,-0.033,0.0003055117768213357
-0.013981484546334745,False,False,False,-0.02850000000000001,0.0027515740383595184
-0.00788013183752695,False,False,False,0.0010000000000000009,0.912232093043372
-0.005918869327597191,False,False,False,-0.00449999999999999,0.6363773937531577
0.006349371720835877,False,False,False,-0.0024999999999999883,0.7932648083723044
0.01845406812846149,True,True,True,0.0335,0.0009918386854545528
-0.00789250851461266,False,False,False,-0.009999999999999995,0.2655379833753885
-0.02493070378039869,False,False,False,-0.010999999999999996,0.2073570908242357
0.016976731706646236,True,True,True,0.03,0.0020577700488101616
0.012273703896800686,False,False,False,0.013000000000000012,0.18712194541610694
0.010380243238088695,False,False,False,-0.016,0.08588539608088577
-0.015860887458663854,False,False,False,-0.012999999999999998,0.1436179401738607
-0.006502595992368517,False,False,False,-0.0175,0.06478836116944658
0.012008024628851446,False,False,False,0.008499999999999994,0.38207679253141413
0.006390939575479078,False,False,False,0.011499999999999996,0.22074535937804773
0.008200073559628802,False,False,False,0.012499999999999997,0.19582568699533387
0.0017506531609501352,False,False,False,0.008999999999999994,0.345971039973358
0.01718786493649636,False,False,False,0.016,0.1234334016060624
0.001127645088072084,False,False,False,0.012999999999999998,0.17058693287144155
-0.01623655691172758,False,False,False,-0.017,0.06802245187885403
0.009596077897276954,True,True,True,0.028999999999999998,0.0037716272132311494
0.014535271476285368,False,False,False,0.009500000000000008,0.33456496957953474
-0.0077234770356503215,False,False,False,0.0025000000000000022,0.7950087572746732
0.01478726440709584,False,False,False,0.007999999999999993,0.42951951546808764
0.003643323927152666,False,False,False,0.0020000000000000018,0.8319191241999686
-0.01632967535696897,False,False,False,-0.01899999999999999,0.04045032850910884
0.009600015093487043,False,False,False,0.00449999999999999,0.6348798204673456
-0.02032810824535942,False,False,False,-0.01999999999999999,0.02943330019689804
-0.010167302357490861,False,False,False,-0.005500000000000005,0.5572073062521403
0.0029422191142983623,False,False,False,0.0050000000000000044,0.606763142404378
0.009490797451537395,False,False,False,0.012499999999999997,0.18317879653714508
5.571344362010167e-05,False,False,False,0.009499999999999995,0.3171762472523093
0.004906752939705801,False,False,False,0.006499999999999992,0.4917943650579948
0.010260400098272966,False,False,False,0.01849999999999999,0.059708655068979766
-0.0005294116907037566,False,False,False,-0.012999999999999998,0.17435918798723615
-0.008799959462867137,False,False,False,-0.01849999999999999,0.045253600826413956
0.0006807801232553343,False,False,False,-0.0015000000000000013,0.8681913578919688
0.0049532259235651275,False,False,False,0.003500000000000003,0.7222064395022432
-0.003478478745458188,False,False,False,-0.009499999999999995,0.3224629615309834
-0.0009724396030592733,False,False,False,-0.006499999999999992,0.49562412009244783
0.009739578893624198,False,False,False,0.012499999999999997,0.20051446592028932
0.006170458613622585,False,False,False,0.013499999999999998,0.15335038152601357
-0.008308449342997088,False,False,False,0.007999999999999993,0.39696622278344296
-0.002569860271801619,False,False,False,0.008499999999999994,0.36650181562567263
-0.014592236179685952,False,False,False,0.0050000000000000044,0.5806095193395369
-0.006923889641028851,False,False,False,-0.012999999999999998,0.17058693287144155
0.006770358912577244,False,False,False,0.0020000000000000018,0.8351721807920515
-0.0015091139016399288,False,False,False,-0.009500000000000008,0.30037642082620186
-0.0043481074173715014,False,False,False,-0.010000000000000009,0.2796814195054368
-0.01559914888134649,False,False,False,-0.020000000000000004,0.02787715596556309
-0.004765610441757383,False,False,False,-0.0049999999999999906,0.5981614526835288
-0.0030074087651782507,False,False,False,-0.0059999999999999915,0.5342335664292999
0.00862692283708202,False,False,False,0.005499999999999991,0.5625162963257868
0.015149015674204638,True,True,True,0.02149999999999999,0.02832633429960009
0.009200000447669793,False,False,False,0.01150000000000001,0.2418096666726005
0.004611934815302561,False,False,False,0.009999999999999995,0.3043003566833975
0.0024019557138891486,False,False,False,-0.0049999999999999906,0.6037129669430525
0.008333092655484039,False,False,False,0.017499999999999988,0.07724308219096272
-0.0067860577780590094,False,False,False,-0.0010000000000000009,0.9124486012480268
0.018540947880989745,True,True,False,0.02049999999999999,0.038855553782824494
-0.006696181581224422,False,False,False,-0.006500000000000006,0.4858469306759241
-0.00345822923966778,False,False,False,0.00449999999999999,0.6363773937531577
0.0019319669587740354,False,False,False,0.0175,0.0528485266787198
-0.019929352550257854,False,False,False,-0.008000000000000007,0.37789128494003055
0.010746782389379315,True,True,True,0.022499999999999992,0.023923881615813238
0.0008284587758492232,False,False,False,0.012499999999999997,0.1666743759952859
0.0173183988181973,True,True,True,0.02550000000000001,0.008319667228912492
0.002894906828653274,False,False,False,0.006500000000000006,0.5108017185891887
0.006573244261173129,True,True,True,0.022000000000000006,0.022664669323931432
-0.012597990224432387,False,False,False,-0.0040000000000000036,0.6654404626876487
-0.002493113414210088,False,False,False,-0.0020000000000000018,0.8250941085686814
0.005978179261689669,False,False,False,0.006499999999999992,0.49372237977738176
0.009698827258483353,False,False,False,0.0030000000000000027,0.7445300013616011
-0.005533259487223908,False,False,False,-0.0059999999999999915,0.5270892568655385
-0.0037055319259601755,False,False,False,-0.007999999999999993,0.3980240612831596
-0.0009138187854110875,False,False,False,-0.00449999999999999,0.6385828234588462
-0.008543430453981872,False,False,False,-0.01050000000000001,0.26024630950700933
-0.004380434430431446,False,False,False,0.01100000000000001,0.23659113062021409
-0.016918652093335092,False,False,False,-0.02149999999999999,0.020557361185464026
0.002579139852463029,False,False,False,0.005499999999999991,0.5616473662411026
-0.013725401052856754,False,False,False,-0.01050000000000001,0.2523583885502121
0.01368341221510245,False,False,False,0.01050000000000001,0.2890778251326187
0.001521038986679075,False,False,False,0.0040000000000000036,0.6726033872393302
-0.007577611584946134,False,False,False,-0.011499999999999996,0.19044780271610173
-0.007577459030758697,False,False,False,-0.008500000000000008,0.3541274038798502
-0.018301413825378424,False,False,False,0.0020000000000000018,0.8267878550762308
0.007035503808760606,False,False,False,-0.0005000000000000004,0.9600524647040656
0.007860243954652828,False,False,False,-0.006000000000000005,0.5434440172427852
0.01150410128151814,False,False,False,0.0020000000000000018,0.8362075095085036
-0.01025073220384647,False,False,False,-0.021999999999999992,0.015823665698954964
-0.0050890046104054764,False,False,False,-0.007999999999999993,0.39696622278344296
-0.0018548748483396427,False,False,False,0.0004999999999999866,0.958289414048563
0.013085508457680589,False,False,False,0.002999999999999989,0.7534114399404639
-0.006011810855511,False,False,False,0.0010000000000000009,0.9124486012480268
-0.005567646686497574,False,False,False,-0.008499999999999994,0.34578804340107805
0.018580129572664212,False,False,False,0.005500000000000005,0.580178181009965
0.01578269832153078,False,False,False,-0.0010000000000000009,0.9190127367311616
-0.00802079373058712,False,False,False,-0.0175,0.04928556337236395
0.00837652828664402,False,False,False,0.00449999999999999,0.6371179315292037
5.0915536928965464e-05,False,False,False,0.0025000000000000022,0.7886609874389294
-0.010042598295474247,False,False,False,-0.008500000000000008,0.3494084470263845
0.00925376174677388,False,False,False,0.008999999999999994,0.3480662485879389
0.00040784920651279694,False,False,False,0.006000000000000005,0.5205002066011168
0.017161161500787905,False,False,False,0.007499999999999993,0.4567945822142845
0.006827492367216463,False,False,False,-0.0040000000000000036,0.6608647662995152
0.009358758703449918,False,False,False,0.0050000000000000044,0.616799730598526
-0.005319545706986403,False,False,False,-0.016,0.08442386420567777
-0.00706900522286833,False,False,False,0.0020000000000000018,0.8272023933754162
-0.001186286142685087,False,False,False,-0.009000000000000008,0.3271180688620874
-0.011543202003164766,False,False,False,-0.022500000000000006,0.016829380123128478
0.0033612974662724504,False,False,False,0.011999999999999997,0.20790994304476507
0.012158261207497065,False,False,False,0.0015000000000000013,0.877666189005732
0.005944414090484677,False,False,False,0.013999999999999999,0.14611499424427699
0.005908747953751434,True,True,False,0.02099999999999999,0.033095713921440305
0.0037844648349861466,False,False,False,-0.008499999999999994,0.3675850725750244
-0.007302548385870925,False,False,False,0.000999999999999987,0.9167829824827898
0.007849487794604097,False,False,False,-0.0010000000000000009,0.915295685998718
-0.0011708323404832962,False,False,False,0.007499999999999993,0.4030902045581167
-0.0094291441654035,False,False,False,-0.01050000000000001,0.2569014857837305
-0.009161065304391291,False,False,False,0.014499999999999999,0.10866027451612793
0.0014416595014039467,False,False,False,-0.008000000000000007,0.38825425811870184
-0.008446281475771495,False,False,False,-0.027999999999999997,0.003724528331229573
0.01876719620367878,False,False,False,0.01050000000000001,0.2900334217442494
0.0021018059006094434,False,False,False,0.013999999999999999,0.13198075516609412
0.00755641156137262,False,False,False,0.016,0.10025716584294453
-0.006918250970473552,False,False,False,-0.013499999999999998,0.15518687113003354
0.021222828777422206,False,False,False,0.016,0.103071297876048
-0.003026826861140932,False,False,False,0.014499999999999999,0.12429075818379265
0.006869610688148914,False,False,False,-0.013499999999999998,0.16943036355051766
2.839754731609114e-05,False,False,False,-0.010499999999999995,0.2667799465565258
-0.012986511509183195,False,False,False,-0.01100000000000001,0.2310343472284273
0.013685141252391498,True,True,True,0.02500000000000001,0.009756653987495565
-0.0003936051546831958,False,False,False,0.0,1.0
-0.0031707356752866535,False,False,False,-0.006000000000000005,0.5115222225267417
-0.0019594584283750683,False,False,False,-0.0040000000000000036,0.6786024494160815
-0.006766093901544031,False,False,False,-0.008999999999999994,0.33953526508870124
0.0058032672215515835,True,True,True,0.022500000000000006,0.01633507454503267
0.006761370018793292,False,False,False,-0.0025000000000000022,0.7971160774509747
0.013591621755406597,True,True,False,0.02099999999999999,0.03168728095533304
0.015993426198209523,False,False,False,0.01899999999999999,0.05482382715949121
0.016761362266525387,True,True,True,0.026999999999999996,0.005157889242222763
-0.00034217839969036013,False,False,False,-0.002999999999999989,0.7539307281295912
-0.01522266363319211,False,False,False,-0.009500000000000008,0.30839801813191514
0.005541592080919102,False,False,False,0.0025000000000000022,0.7995444012980776
-0.0005535013654759045,False,False,False,0.0040000000000000036,0.6669178441040885
0.006179986658639033,False,False,False,0.010999999999999996,0.2594718439671674
-0.000308308939236327,False,False,False,0.005500000000000005,0.5572073062521403
-0.0041260385002786166,False,False,False,0.0050000000000000044,0.5948599724579713
-0.005295714935463289,False,False,False,-0.013999999999999999,0.13198075516609412
-0.006090147188964024,False,False,False,0.006499999999999992,0.49372237977738176
0.005685990735345275,False,False,False,0.0049999999999999906,0.5981614526835288
-0.008677372119169566,False,False,False,0.012999999999999998,0.16963499596548193
0.01027983382193489,False,False,False,-0.006999999999999992,0.4664577793689473
-0.0036650443384046976,False,False,False,-0.012999999999999998,0.17342143194000104
-0.0015768533724076692,False,False,False,-0.024000000000000007,0.01329602778533278
-0.006894449360693865,False,False,False,0.007499999999999993,0.4357228399557318
-0.0019378091292621914,False,False,False,-0.0034999999999999892,0.7148818237311988
-0.008483472572402513,False,False,False,0.007999999999999993,0.3948301765784946
-0.0015206182336414199,False,False,False,0.010499999999999995,0.2812574786752188
-0.0021125814758248206,False,False,False,-0.013999999999999999,0.13378529542928963
-0.0013963682256059008,False,False,False,-0.012500000000000011,0.17505876122873232
0.010657241400314897,True,True,True,0.024500000000000008,0.011062328578201412
0.00795369771228669,False,False,False,0.005499999999999991,0.5625162963257868
0.007575222114949044,False,False,False,0.018500000000000003,0.05142588174887967
-0.007340583750895769,False,False,False,-0.028999999999999998,0.0019442451582107887
-2.41288921574931e-06,False,False,False,-0.014500000000000013,0.11656359726809098
-0.010133105111571098,False,False,False,-0.007000000000000006,0.4555290882090737
-0.00447346408617574,False,False,False,0.0049999999999999906,0.5973451601668252
-0.007328646746965333,False,False,False,-0.006999999999999992,0.4625763542908654
-0.00564513531810951,False,False,False,0.0005000000000000004,0.9590789240610317
0.0007917380903940783,False,False,False,0.00399999999999999,0.6779553803886103
-0.006438283285576787,True,True,False,0.019500000000000003,0.036982610644801184
-0.011151859924347403,False,False,False,0.0025000000000000022,0.7900804016448612
0.009500224417387527,False,False,False,0.008999999999999994,0.35420760274751595
-0.00046112653922604567,False,False,False,0.01100000000000001,0.23438504833241003
0.026766744964654445,True,True,True,0.026499999999999996,0.007817921970565538
-0.008894728957275623,False,False,False,-0.007000000000000006,0.45655638442064794
-0.0038313250778266657,False,False,False,0.008000000000000007,0.39157418871038696
-0.000979236359834475,False,False,False,0.005500000000000005,0.5553853876461097
-0.002067782713098592,False,False,False,-0.0040000000000000036,0.6805157359610846
0.0005749333934428706,False,False,False,0.0165,0.08503976216570433
0.0026312721467020446,False,False,False,-0.006500000000000006,0.5047573926039642
0.007678455104850367,False,False,False,-0.0030000000000000027,0.7439363342621983
-0.01389987606541004,False,False,False,-0.007000000000000006,0.4555290882090737
-0.0063869718001309155,False,False,False,0.0010000000000000009,0.9158644725470866
0.018570752409489667,False,False,False,-0.0015000000000000013,0.880786761568001
0.00447689217289194,False,False,False,0.0,1.0
-0.011681295123058258,False,False,False,-0.007999999999999993,0.36433756135403683
-0.00046176236072008596,False,False,False,0.012999999999999998,0.16963499596548193
0.008968519484339736,False,False,False,0.003500000000000003,0.7027976939198874
-0.004466227238767542,False,False,False,0.013000000000000012,0.1599184554912455
0.005363345130905309,False,False,False,0.013499999999999998,0.15427019284648658
0.019921775278856402,False,False,False,-0.0030000000000000027,0.7603416148986168
-0.00506703540814591,False,False,False,-0.004500000000000004,0.6254041315387514
-0.0001438489790715749,False,False,False,-0.012999999999999998,0.17153531257505095
-0.011633411949455814,False,False,False,-0.0005000000000000004,0.9564259728421488
-0.001195709168141445,False,False,False,0.012499999999999997,0.19677110426358368
